subfield,method,group,share_all,x_all,n_quant,x_quant,share_quant,ci_low,ci_high,rest_x,rest_n,rest_share_quant
strategy,Scale development / psychometric validation,Measurement,0.00078064012490242,4,1247,4,0.0032076984763432237,0.001248096774182837,0.00821869759629361,56,5403,0.01036461225245234
strategy,Factor analysis (EFA/CFA),Measurement,0.00624512099921936,32,1247,32,0.02566158781074579,0.01823525362887264,0.0360014031429382,140,5403,0.025911530631130855
strategy,IRT / Rasch / DIF,Measurement,0.000195160031225605,1,1247,1,0.0008019246190858059,0.00014157341351643407,0.004528449985388471,17,5403,0.003146400148065889
strategy,"Reliability (alpha, omega, ICC)",Measurement,0.026932084309133488,138,1247,138,0.11066559743384122,0.09443476860068604,0.12928779583331929,682,5403,0.12622617064593744
strategy,t test,Analysis,0.0039032006245121,20,1247,20,0.01603849238171612,0.010406156594507176,0.024643416291017493,154,5403,0.028502683694243938
strategy,ANOVA / ANCOVA / MANOVA,Analysis,0.00624512099921936,32,1247,32,0.02566158781074579,0.01823525362887264,0.0360014031429382,141,5403,0.02609661299278179
strategy,Correlation,Analysis,0.03629976580796253,186,1247,186,0.1491579791499599,0.13046390902633032,0.17000699095281968,796,5403,0.147325559874144
strategy,Linear / multiple / hierarchical regression,Analysis,0.04996096799375488,256,1247,256,0.20529270248596632,0.18379550710428585,0.2286000488782001,954,5403,0.17656857301499168
strategy,Logistic / ordinal / multinomial regression,Analysis,0.0078064012490242,40,1247,40,0.03207698476343224,0.02364403097638132,0.043384015052953626,206,5403,0.03812696650009254
strategy,"Count models (Poisson, negative binomial)",Analysis,0.00195160031225605,10,1247,10,0.00801924619085806,0.004361677771786154,0.014698658541833377,41,5403,0.0075883768276883215
strategy,Chi-square / nonparametric,Analysis,0.00351288056206089,18,1247,18,0.014434643143544507,0.009149870325642722,0.02270185524550092,129,5403,0.02387562465297057
strategy,Mediation,Analysis,0.023614363778298203,121,1247,121,0.09703287890938252,0.08182009329143243,0.11472076897033416,639,5403,0.11826762909494726
strategy,Moderation / interactions,Analysis,0.039227166276346606,201,1247,201,0.161186848436247,0.14182363432514875,0.18263112051185895,586,5403,0.10845826392744772
strategy,SEM / path analysis,Analysis,0.02029664324746292,104,1247,104,0.08340016038492382,0.06930408574361006,0.1000550743459178,719,5403,0.13307421802702202
strategy,Multilevel / mixed-effects models,Analysis,0.007220921155347385,37,1247,37,0.02967121090617482,0.021602179729302853,0.040629095328460554,111,5403,0.020544142143253747
strategy,Growth curve / trajectories,Analysis,0.000195160031225605,1,1247,1,0.0008019246190858059,0.00014157341351643407,0.004528449985388471,4,5403,0.0007403294466037387
strategy,Latent profile / class / mixture,Analysis,0.005269320843091335,27,1247,27,0.02165196471531676,0.014922622471349513,0.03131941601450876,28,5403,0.00518230612622617
strategy,Cluster analysis,Analysis,0.001756440281030445,9,1247,9,0.007217321571772253,0.0038016622953858797,0.013659750361043138,69,5403,0.012770682953914493
strategy,Network analysis (psychometric networks),Analysis,0.00585480093676815,30,1247,30,0.024057738572574178,0.016902983918711905,0.0341358255387179,51,5403,0.009439200444197668
strategy,Machine learning / NLP,Analysis,0.01444184231069477,74,1247,74,0.05934242181234964,0.04753278562665198,0.07385866474716044,645,5403,0.11937812326485286
strategy,Bayesian,Analysis,0.00156128024980484,8,1247,8,0.006415396952686447,0.0032543096613873307,0.012608179337851175,103,5403,0.01906348325004627
strategy,Survival / time-to-event,Analysis,0.000975800156128025,5,1247,5,0.00400962309542903,0.0017138505289370333,0.009351867498729929,50,5403,0.009254118082546734
strategy,Missing data / multiple imputation,Analysis,0.000195160031225605,1,1247,1,0.0008019246190858059,0.00014157341351643407,0.004528449985388471,13,5403,0.0024060707014621507
strategy,Dyadic / APIM,Analysis,0.00156128024980484,8,1247,8,0.006415396952686447,0.0032543096613873307,0.012608179337851175,38,5403,0.007033129742735517
strategy,"Time series / dynamic models (VAR, DSEM)",Analysis,0.009172521467603435,47,1247,47,0.03769045709703288,0.028461111831082152,0.049759399798586394,296,5403,0.05478437904867666
strategy,"Text analysis (LIWC, sentiment, topic models)",Analysis,0.004879000780640125,25,1247,25,0.020048115477145148,0.013615894100797414,0.029428297070679822,64,5403,0.011845271145659819
strategy,Power analysis reported,Analysis,0.0,0,1247,0,0.0,0.0,0.0030710997417143907,4,5403,0.0007403294466037387
strategy,Panel data / fixed effects,Analysis,0.036885245901639344,189,1247,189,0.15156375300721733,0.13273246635802258,0.17253520459269897,430,5403,0.0795854155099019
strategy,"Causal designs (DiD, RDD, IV, synthetic control)",Analysis,0.01834504293520687,94,1247,94,0.07538091419406576,0.0619964631735242,0.09137346034409852,355,5403,0.0657042383860818
strategy,Propensity scores / matching,Analysis,0.00234192037470726,12,1247,12,0.009623095429029671,0.005513300241729867,0.01674488338627069,40,5403,0.007403294466037387
strategy,PLS-SEM,Analysis,0.012685402029664325,65,1247,65,0.052125100240577385,0.04110585060559035,0.06589528685350746,600,5403,0.1110494169905608
strategy,"Econometric time series (ARDL, GARCH, VECM)",Analysis,0.00507416081186573,26,1247,26,0.020850040096230954,0.014267810790596828,0.03037530403807092,185,5403,0.03424023690542291
strategy,"Efficiency analysis (DEA, stochastic frontier)",Analysis,0.0039032006245121,20,1247,20,0.01603849238171612,0.010406156594507176,0.024643416291017493,19,5403,0.0035165648713677586
strategy,Qualitative comparative analysis (QCA),Analysis,0.000975800156128025,5,1247,5,0.00400962309542903,0.0017138505289370333,0.009351867498729929,35,5403,0.006477882657782714
strategy,Spatial analysis / GIS,Analysis,0.002146760343481655,11,1247,11,0.008821170809943865,0.004932670394244321,0.015726589576565725,19,5403,0.0035165648713677586
strategy,Conjoint / discrete choice,Analysis,0.00429352068696331,22,1247,22,0.01764234161988773,0.01167925197595146,0.02656816822395424,76,5403,0.014066259485471034
accounting_finance,Scale development / psychometric validation,Measurement,0.001954887218045113,13,2444,13,0.005319148936170213,0.003111215803364925,0.009079712156052036,47,4206,0.011174512601046125
accounting_finance,Factor analysis (EFA/CFA),Measurement,0.005413533834586466,36,2444,36,0.014729950900163666,0.010658740882761891,0.02032425379041306,136,4206,0.03233475986685687
accounting_finance,IRT / Rasch / DIF,Measurement,0.0003007518796992481,2,2444,2,0.0008183306055646482,0.00022444445896108536,0.002978973333006404,16,4206,0.0038040893961008085
accounting_finance,"Reliability (alpha, omega, ICC)",Measurement,0.023458646616541352,156,2444,156,0.06382978723404255,0.05480632436563802,0.07422223577062208,664,4206,0.15786970993818356
accounting_finance,t test,Analysis,0.00962406015037594,64,2444,64,0.02618657937806874,0.020560531055102877,0.03329976222612528,110,4206,0.02615311459819306
accounting_finance,ANOVA / ANCOVA / MANOVA,Analysis,0.004962406015037594,33,2444,33,0.013502454991816694,0.009630572571164625,0.018901282965433197,140,4206,0.033285782215882076
accounting_finance,Correlation,Analysis,0.05789473684210526,385,2444,385,0.15752864157119476,0.1436245094015679,0.17250767149341306,597,4206,0.1419400855920114
accounting_finance,Linear / multiple / hierarchical regression,Analysis,0.08090225563909774,538,2444,538,0.22013093289689034,0.2041505124543541,0.23698976440606043,672,4206,0.15977175463623394
accounting_finance,Logistic / ordinal / multinomial regression,Analysis,0.01804511278195489,120,2444,120,0.049099836333878884,0.04121844103112586,0.0583964494662087,126,4206,0.029957203994293864
accounting_finance,"Count models (Poisson, negative binomial)",Analysis,0.00406015037593985,27,2444,27,0.01104746317512275,0.00760357522650337,0.016026002036940195,24,4206,0.005706134094151213
accounting_finance,Chi-square / nonparametric,Analysis,0.012781954887218045,85,2444,85,0.03477905073649754,0.02821431161199331,0.04280395562527475,62,4206,0.014740846409890632
accounting_finance,Mediation,Analysis,0.016090225563909773,107,2444,107,0.04378068739770868,0.03635964675063969,0.05263364082152732,653,4206,0.15525439847836425
accounting_finance,Moderation / interactions,Analysis,0.030225563909774437,201,2444,201,0.08224222585924713,0.07199461226771439,0.09380103491720265,586,4206,0.1393247741321921
accounting_finance,SEM / path analysis,Analysis,0.02150375939849624,143,2444,143,0.05851063829787234,0.049879870877964874,0.06852708633312768,680,4206,0.16167379933428436
accounting_finance,Multilevel / mixed-effects models,Analysis,0.0081203007518797,54,2444,54,0.0220949263502455,0.01697375800384528,0.028716071488792443,94,4206,0.02234902520209225
accounting_finance,Growth curve / trajectories,Analysis,0.0,0,2444,0,0.0,1.0842021724855044e-19,0.0015693250342494035,5,4206,0.0011887779362815027
accounting_finance,Latent profile / class / mixture,Analysis,0.001954887218045113,13,2444,13,0.005319148936170213,0.003111215803364925,0.009079712156052036,42,4206,0.009985734664764621
accounting_finance,Cluster analysis,Analysis,0.0033082706766917294,22,2444,22,0.00900163666121113,0.0059520865650191865,0.013592258804129162,56,4206,0.01331431288635283
accounting_finance,Network analysis (psychometric networks),Analysis,0.002255639097744361,15,2444,15,0.0061374795417348605,0.003722955735178252,0.010102064981956795,66,4206,0.015691868758915834
accounting_finance,Machine learning / NLP,Analysis,0.044511278195488724,296,2444,296,0.12111292962356793,0.1087692229086955,0.1346458302678306,423,4206,0.10057061340941512
accounting_finance,Bayesian,Analysis,0.009774436090225564,65,2444,65,0.026595744680851064,0.020921562278483227,0.03375577738160397,46,4206,0.010936757013789824
accounting_finance,Survival / time-to-event,Analysis,0.004962406015037594,33,2444,33,0.013502454991816694,0.009630572571164625,0.018901282965433197,22,4206,0.005230622919638612
accounting_finance,Missing data / multiple imputation,Analysis,0.0012030075187969924,8,2444,8,0.0032733224222585926,0.0016595757439872207,0.006446120321134527,6,4206,0.0014265335235378032
accounting_finance,Dyadic / APIM,Analysis,0.0009022556390977444,6,2444,6,0.0024549918166939444,0.00112561544859471,0.005345987858808951,40,4206,0.009510223490252021
accounting_finance,"Time series / dynamic models (VAR, DSEM)",Analysis,0.03804511278195489,253,2444,253,0.10351882160392799,0.09205696125379507,0.11622509763179219,90,4206,0.021398002853067047
accounting_finance,"Text analysis (LIWC, sentiment, topic models)",Analysis,0.002857142857142857,19,2444,19,0.007774140752864157,0.004982615729375374,0.012110590503195845,70,4206,0.016642891107941038
accounting_finance,Power analysis reported,Analysis,0.0,0,2444,0,0.0,1.0842021724855044e-19,0.0015693250342494035,4,4206,0.0009510223490252021
accounting_finance,Panel data / fixed effects,Analysis,0.05533834586466165,368,2444,368,0.15057283142389524,0.13694310037625546,0.16529929207812177,251,4206,0.05967665240133143
accounting_finance,"Causal designs (DiD, RDD, IV, synthetic control)",Analysis,0.04586466165413534,305,2444,305,0.12479541734860884,0.11227886334102873,0.1384896072452288,144,4206,0.034236804564907276
accounting_finance,Propensity scores / matching,Analysis,0.005263157894736842,35,2444,35,0.014320785597381341,0.01031505490858177,0.019850893385734137,17,4206,0.004041844983357109
accounting_finance,PLS-SEM,Analysis,0.02120300751879699,141,2444,141,0.057692307692307696,0.04912379510457072,0.06764906934880377,524,4206,0.12458392772230148
accounting_finance,"Econometric time series (ARDL, GARCH, VECM)",Analysis,0.027218045112781954,181,2444,181,0.07405891980360066,0.06433207169646517,0.08512264791127101,30,4206,0.007132667617689016
accounting_finance,"Efficiency analysis (DEA, stochastic frontier)",Analysis,0.002105263157894737,14,2444,14,0.0057283142389525366,0.0034153369372419214,0.009592637401034084,25,4206,0.005943889681407513
accounting_finance,Qualitative comparative analysis (QCA),Analysis,0.0010526315789473684,7,2444,7,0.0028641571194762683,0.0013880931724170294,0.005900556513845675,33,4206,0.007845934379457917
accounting_finance,Spatial analysis / GIS,Analysis,0.0012030075187969924,8,2444,8,0.0032733224222585926,0.0016595757439872207,0.006446120321134527,22,4206,0.005230622919638612
accounting_finance,Conjoint / discrete choice,Analysis,0.0030075187969924814,20,2444,20,0.008183306055646482,0.005303704479535803,0.012606548131894463,78,4206,0.018544935805991442
marketing,Scale development / psychometric validation,Measurement,0.0015515903801396431,6,1349,6,0.004447739065974796,0.0020399848180157596,0.009669782632780557,54,5301,0.010186757215619695
marketing,Factor analysis (EFA/CFA),Measurement,0.00982673907421774,38,1349,38,0.028169014084507043,0.02059088946216486,0.03842671260579604,134,5301,0.02527824938690813
marketing,IRT / Rasch / DIF,Measurement,0.0015515903801396431,6,1349,6,0.004447739065974796,0.0020399848180157596,0.009669782632780557,12,5301,0.0022637238256932655
marketing,"Reliability (alpha, omega, ICC)",Measurement,0.06697698474269459,259,1349,259,0.19199406968124536,0.1718622222933713,0.21387511259938244,561,5301,0.10582908885116016
marketing,t test,Analysis,0.01474010861132661,57,1349,57,0.04225352112676056,0.03275513092569787,0.05435149794620449,117,5301,0.022071307300509338
marketing,ANOVA / ANCOVA / MANOVA,Analysis,0.013964313421256789,54,1349,54,0.04002965159377316,0.03080855502172449,0.05186296435481869,119,5301,0.02244859460479155
marketing,Correlation,Analysis,0.036720972329971555,142,1349,142,0.10526315789473684,0.08999217282938604,0.12277589174435971,840,5301,0.15846066779852858
marketing,Linear / multiple / hierarchical regression,Analysis,0.048357900181018876,187,1349,187,0.13862120088954782,0.12120527375526126,0.15808943324887223,1023,5301,0.19298245614035087
marketing,Logistic / ordinal / multinomial regression,Analysis,0.011378329454357383,44,1349,44,0.03261675315048184,0.024385807322275042,0.043502013736404214,202,5301,0.0381060177325033
marketing,"Count models (Poisson, negative binomial)",Analysis,0.001034393586759762,4,1349,4,0.0029651593773165306,0.0011536782600042681,0.007599349527219261,47,5301,0.008866251650631957
marketing,Chi-square / nonparametric,Analysis,0.0033617791569692267,13,1349,13,0.009636767976278725,0.005640377293085409,0.016417978980215662,134,5301,0.02527824938690813
marketing,Mediation,Analysis,0.05352986811481769,207,1349,207,0.15344699777613047,0.13520012375727294,0.17366197988258839,553,5301,0.10431993963403131
marketing,Moderation / interactions,Analysis,0.03853116110680114,149,1349,149,0.11045218680504076,0.09481866469306087,0.12829798870318965,638,5301,0.12035465006602528
marketing,SEM / path analysis,Analysis,0.08378588052754073,324,1349,324,0.24017790956263899,0.2181398102712396,0.26369156368762975,499,5301,0.09413318241841162
marketing,Multilevel / mixed-effects models,Analysis,0.0033617791569692267,13,1349,13,0.009636767976278725,0.005640377293085409,0.016417978980215662,135,5301,0.025466893039049237
marketing,Growth curve / trajectories,Analysis,0.0,0,1349,0,0.0,0.0,0.002839548460077957,5,5301,0.0009432182607055273
marketing,Latent profile / class / mixture,Analysis,0.002585983966899405,10,1349,10,0.007412898443291327,0.004031489538777132,0.013591757239164753,45,5301,0.008488964346349746
marketing,Cluster analysis,Analysis,0.009568140677527799,37,1349,37,0.02742772424017791,0.01996354490191764,0.037575687334256855,41,5301,0.007734389737785324
marketing,Network analysis (psychometric networks),Analysis,0.0015515903801396431,6,1349,6,0.004447739065974796,0.0020399848180157596,0.009669782632780557,75,5301,0.014148273910582909
marketing,Machine learning / NLP,Analysis,0.03232479958624256,125,1349,125,0.09266123054114159,0.07832359120945301,0.10931218622392408,594,5301,0.11205432937181664
marketing,Bayesian,Analysis,0.004137574347039048,16,1349,16,0.011860637509266123,0.007313718248146601,0.019179747520513647,95,5301,0.017921146953405017
marketing,Survival / time-to-event,Analysis,0.0012929919834497026,5,1349,5,0.0037064492216456633,0.001584181072221498,0.008647216546788423,50,5301,0.009432182607055273
marketing,Missing data / multiple imputation,Analysis,0.001034393586759762,4,1349,4,0.0029651593773165306,0.0011536782600042681,0.007599349527219261,10,5301,0.0018864365214110545
marketing,Dyadic / APIM,Analysis,0.0015515903801396431,6,1349,6,0.004447739065974796,0.0020399848180157596,0.009669782632780557,40,5301,0.007545746085644218
marketing,"Time series / dynamic models (VAR, DSEM)",Analysis,0.00491336953710887,19,1349,19,0.014084507042253521,0.009035124074403812,0.021893451189615616,324,5301,0.06112054329371817
marketing,"Text analysis (LIWC, sentiment, topic models)",Analysis,0.005430566330488751,21,1349,21,0.015567086730911787,0.010204143360389313,0.023681171567202897,68,5301,0.01282776834559517
marketing,Power analysis reported,Analysis,0.0002585983966899405,1,1349,1,0.0007412898443291327,0.00013086784557824957,0.0041870504462861,3,5301,0.0005659309564233164
marketing,Panel data / fixed effects,Analysis,0.0069821567106283944,27,1349,27,0.02001482579688658,0.013791386238998966,0.0289641476793116,592,5301,0.11167704206753443
marketing,"Causal designs (DiD, RDD, IV, synthetic control)",Analysis,0.0062063615205585725,24,1349,24,0.017790956263899184,0.011984254034435798,0.02633617038851559,425,5301,0.08017355215996981
marketing,Propensity scores / matching,Analysis,0.0,0,1349,0,0.0,0.0,0.002839548460077957,52,5301,0.009809469911337484
marketing,PLS-SEM,Analysis,0.08275148694078097,320,1349,320,0.23721275018532245,0.21527959914570793,0.2606382954860158,345,5301,0.06508205998868138
marketing,"Econometric time series (ARDL, GARCH, VECM)",Analysis,0.000517196793379881,2,1349,2,0.0014825796886582653,0.00040667101999609673,0.005389617103654646,209,5301,0.03942652329749104
marketing,"Efficiency analysis (DEA, stochastic frontier)",Analysis,0.0007757951900698216,3,1349,3,0.002223869532987398,0.000756598228228952,0.006518059727208184,36,5301,0.006791171477079796
marketing,Qualitative comparative analysis (QCA),Analysis,0.0028445823635893457,11,1349,11,0.00815418828762046,0.004559219734370814,0.01454239687535747,29,5301,0.005470665912092058
marketing,Spatial analysis / GIS,Analysis,0.0012929919834497026,5,1349,5,0.0037064492216456633,0.001584181072221498,0.008647216546788423,25,5301,0.0047160913035276366
marketing,Conjoint / discrete choice,Analysis,0.008792345487457979,34,1349,34,0.025203854707190512,0.018091479270300727,0.035012643470514596,64,5301,0.012073193737030748
ob_hrm,Scale development / psychometric validation,Measurement,0.008233532934131737,22,811,22,0.027127003699136867,0.017981452293753405,0.04073114554948595,38,5839,0.006507963692413085
ob_hrm,Factor analysis (EFA/CFA),Measurement,0.013847305389221557,37,811,37,0.04562268803945746,0.03327831441170493,0.06225126135161633,135,5839,0.02312039732830964
ob_hrm,IRT / Rasch / DIF,Measurement,0.0018712574850299401,5,811,5,0.006165228113440197,0.002636207174583272,0.014350482359229939,13,5839,0.0022264086316150025
ob_hrm,"Reliability (alpha, omega, ICC)",Measurement,0.050523952095808386,135,811,135,0.16646115906288533,0.14240939187462567,0.19365777296656397,685,5839,0.11731460866586745
ob_hrm,t test,Analysis,0.004491017964071856,12,811,12,0.014796547472256474,0.008484178353907223,0.025683767542610876,162,5839,0.02774447679397157
ob_hrm,ANOVA / ANCOVA / MANOVA,Analysis,0.010853293413173653,29,811,29,0.035758323057953144,0.025010943732649706,0.05088291047329454,144,5839,0.02466175715019695
ob_hrm,Correlation,Analysis,0.05875748502994012,157,811,157,0.1935881627620222,0.16786554288624952,0.22219985623772695,825,5839,0.1412913170063367
ob_hrm,Linear / multiple / hierarchical regression,Analysis,0.04940119760479042,132,811,132,0.16276202219482122,0.13895588965851385,0.18974787959865946,1078,5839,0.18462065422161328
ob_hrm,Logistic / ordinal / multinomial regression,Analysis,0.007110778443113772,19,811,19,0.02342786683107275,0.015048795381200119,0.03630040687802287,227,5839,0.038876519952046586
ob_hrm,"Count models (Poisson, negative binomial)",Analysis,0.001122754491017964,3,811,3,0.0036991368680641184,0.0012588207390752965,0.010818938405393662,48,5839,0.008220585716732317
ob_hrm,Chi-square / nonparametric,Analysis,0.00561377245508982,15,811,15,0.018495684340320593,0.011240153415418312,0.030291188065116166,132,5839,0.022606610721013873
ob_hrm,Mediation,Analysis,0.0845808383233533,226,811,226,0.2786683107274969,0.2489102269542374,0.31051327060211587,534,5839,0.09145401609864703
ob_hrm,Moderation / interactions,Analysis,0.0561377245508982,150,811,150,0.18495684340320592,0.15974214849717594,0.21314199426409564,637,5839,0.10909402294913513
ob_hrm,SEM / path analysis,Analysis,0.05276946107784431,141,811,141,0.17385943279901356,0.14932977504914202,0.2014641809600804,682,5839,0.11680082205857167
ob_hrm,Multilevel / mixed-effects models,Analysis,0.009730538922155689,26,811,26,0.032059186189889025,0.02197051894474566,0.04655993967718221,122,5839,0.020893988696694638
ob_hrm,Growth curve / trajectories,Analysis,0.00037425149700598805,1,811,1,0.0012330456226880395,0.00021769599790681616,0.00695113275721789,4,5839,0.000685048809727693
ob_hrm,Latent profile / class / mixture,Analysis,0.001122754491017964,3,811,3,0.0036991368680641184,0.0012588207390752965,0.010818938405393662,52,5839,0.00890563452646001
ob_hrm,Cluster analysis,Analysis,0.002245508982035928,6,811,6,0.007398273736128237,0.003394977935233909,0.01604617679325143,72,5839,0.012330878575098476
ob_hrm,Network analysis (psychometric networks),Analysis,0.0037425149700598802,10,811,10,0.012330456226880395,0.006711230232829692,0.022547785274344152,71,5839,0.012159616372666552
ob_hrm,Machine learning / NLP,Analysis,0.017964071856287425,48,811,48,0.059186189889025895,0.04492942949127048,0.07759926341344417,671,5839,0.11491693783182051
ob_hrm,Bayesian,Analysis,0.0029940119760479044,8,811,8,0.009864364981504316,0.00500673039684994,0.019343354720979655,103,5839,0.017640006850488096
ob_hrm,Survival / time-to-event,Analysis,0.0014970059880239522,4,811,4,0.004932182490752158,0.0019196511394931476,0.012612573199647937,51,5839,0.008734372324028086
ob_hrm,Missing data / multiple imputation,Analysis,0.00037425149700598805,1,811,1,0.0012330456226880395,0.00021769599790681616,0.00695113275721789,13,5839,0.0022264086316150025
ob_hrm,Dyadic / APIM,Analysis,0.005988023952095809,16,811,16,0.01972872996300863,0.012179649596725914,0.031806157078480696,30,5839,0.0051378660729576985
ob_hrm,"Time series / dynamic models (VAR, DSEM)",Analysis,0.002619760479041916,7,811,7,0.008631319358816275,0.004187182207535285,0.017708437715622177,336,5839,0.05754410001712622
ob_hrm,"Text analysis (LIWC, sentiment, topic models)",Analysis,0.002619760479041916,7,811,7,0.008631319358816275,0.004187182207535285,0.017708437715622177,82,5839,0.014043500599417709
ob_hrm,Power analysis reported,Analysis,0.00037425149700598805,1,811,1,0.0012330456226880395,0.00021769599790681616,0.00695113275721789,3,5839,0.0005137866072957698
ob_hrm,Panel data / fixed effects,Analysis,0.0033682634730538923,9,811,9,0.011097410604192354,0.005849193466737023,0.020955356845764696,610,5839,0.1044699434834732
ob_hrm,"Causal designs (DiD, RDD, IV, synthetic control)",Analysis,0.004116766467065869,11,811,11,0.013563501849568433,0.007590246117296062,0.024123234584549902,438,5839,0.07501284466518239
ob_hrm,Propensity scores / matching,Analysis,0.0007485029940119761,2,811,2,0.002466091245376079,0.000676551875340505,0.008946742074456327,50,5839,0.008563110121596164
ob_hrm,PLS-SEM,Analysis,0.02881736526946108,77,811,77,0.09494451294697903,0.07663647571578482,0.11707170783442149,588,5839,0.10070217502997089
ob_hrm,"Econometric time series (ARDL, GARCH, VECM)",Analysis,0.0,0,811,0,0.0,0.0,0.0047143635604525785,211,5839,0.03613632471313581
ob_hrm,"Efficiency analysis (DEA, stochastic frontier)",Analysis,0.00037425149700598805,1,811,1,0.0012330456226880395,0.00021769599790681616,0.00695113275721789,38,5839,0.006507963692413085
ob_hrm,Qualitative comparative analysis (QCA),Analysis,0.0029940119760479044,8,811,8,0.009864364981504316,0.00500673039684994,0.019343354720979655,32,5839,0.005480390477821544
ob_hrm,Spatial analysis / GIS,Analysis,0.0018712574850299401,5,811,5,0.006165228113440197,0.002636207174583272,0.014350482359229939,25,5839,0.004281555060798082
ob_hrm,Conjoint / discrete choice,Analysis,0.0033682634730538923,9,811,9,0.011097410604192354,0.005849193466737023,0.020955356845764696,89,5839,0.015242336016441172
info_tech,Scale development / psychometric validation,Measurement,0.0038799793067770304,15,799,15,0.01877346683354193,0.011409443388696582,0.030742663365296588,45,5851,0.0076909929926508285
info_tech,Factor analysis (EFA/CFA),Measurement,0.007501293326435592,29,799,29,0.03629536921151439,0.02538831543381001,0.0516399174721834,143,5851,0.02444026662109041
info_tech,IRT / Rasch / DIF,Measurement,0.0010346611484738748,4,799,4,0.0050062578222778474,0.0019485067131453909,0.012800929492847576,14,5851,0.002392753375491369
info_tech,"Reliability (alpha, omega, ICC)",Measurement,0.03414381789963787,132,799,132,0.16520650813516896,0.1410701823912869,0.19254669291870838,688,5851,0.11758673730986156
info_tech,t test,Analysis,0.005431971029487843,21,799,21,0.026282853566958697,0.017253873736391905,0.039845144225601356,153,5851,0.02614937617501282
info_tech,ANOVA / ANCOVA / MANOVA,Analysis,0.006466632177961717,25,799,25,0.03128911138923655,0.021281981676497627,0.045781643757495716,148,5851,0.025294821398051615
info_tech,Correlation,Analysis,0.028970512157268494,112,799,112,0.14017521902377972,0.11782076632623395,0.16597307162376096,870,5851,0.14869253119124937
info_tech,Linear / multiple / hierarchical regression,Analysis,0.025090532850491464,97,799,97,0.1214017521902378,0.10054948560054283,0.14587707432945182,1113,5851,0.19022389335156384
info_tech,Logistic / ordinal / multinomial regression,Analysis,0.00594930160372478,23,799,23,0.028785982478097622,0.019256998231484482,0.04282432346650882,223,5851,0.03811314305246966
info_tech,"Count models (Poisson, negative binomial)",Analysis,0.0018106570098292809,7,799,7,0.008760951188986232,0.0042501617409341,0.017972730069058918,44,5851,0.0075200820372585886
info_tech,Chi-square / nonparametric,Analysis,0.004138644593895499,16,799,16,0.02002503128911139,0.012363116255499152,0.032280142366494034,131,5851,0.022389335156383524
info_tech,Mediation,Analysis,0.0256078634247284,99,799,99,0.12390488110137672,0.10284303817554626,0.14856582549044836,661,5851,0.11297214151427107
info_tech,Moderation / interactions,Analysis,0.02224521469218831,86,799,86,0.10763454317897372,0.08799208600108042,0.13103180338091402,701,5851,0.11980857972996069
info_tech,SEM / path analysis,Analysis,0.028711846870150024,111,799,111,0.13892365456821026,0.11666458312727414,0.16463810295472076,712,5851,0.12168860023927534
info_tech,Multilevel / mixed-effects models,Analysis,0.0046559751681324365,18,799,18,0.02252816020025031,0.014296864930392625,0.03532869742760059,130,5851,0.022218424200991283
info_tech,Growth curve / trajectories,Analysis,0.0007759958613554061,3,799,3,0.0037546933667083854,0.0012777385951421513,0.010980545742850798,2,5851,0.0003418219107844813
info_tech,Latent profile / class / mixture,Analysis,0.0005173305742369374,2,799,2,0.0025031289111389237,0.0006867168323172398,0.00908041563767569,53,5851,0.009058280635788753
info_tech,Cluster analysis,Analysis,0.0010346611484738748,4,799,4,0.0050062578222778474,0.0019485067131453909,0.012800929492847576,74,5851,0.012647410699025807
info_tech,Network analysis (psychometric networks),Analysis,0.005173305742369374,20,799,20,0.025031289111389236,0.01626140917099724,0.03834645692299601,61,5851,0.01042556827892668
info_tech,Machine learning / NLP,Analysis,0.04552509053285049,176,799,176,0.2202753441802253,0.19291525194295833,0.2503123055590377,543,5851,0.09280464877798666
info_tech,Bayesian,Analysis,0.0036213140196585617,14,799,14,0.017521902377972465,0.010465660480631774,0.029195294405361373,97,5851,0.016578362673047343
info_tech,Survival / time-to-event,Analysis,0.0020693222969477496,8,799,8,0.010012515644555695,0.0050820510126509165,0.019631992665342123,47,5851,0.00803281490343531
info_tech,Missing data / multiple imputation,Analysis,0.0,0,799,0,0.0,0.0,0.004784828733992895,14,5851,0.002392753375491369
info_tech,Dyadic / APIM,Analysis,0.002586652871184687,10,799,10,0.012515644555694618,0.006812229091555938,0.022884118322437134,36,5851,0.006152794394120663
info_tech,"Time series / dynamic models (VAR, DSEM)",Analysis,0.004397309881013968,17,799,17,0.02127659574468085,0.01332583338520993,0.03380857710478327,326,5851,0.05571697145787045
info_tech,"Text analysis (LIWC, sentiment, topic models)",Analysis,0.004397309881013968,17,799,17,0.02127659574468085,0.01332583338520993,0.03380857710478327,72,5851,0.012305588788241326
info_tech,Power analysis reported,Analysis,0.0005173305742369374,2,799,2,0.0025031289111389237,0.0006867168323172398,0.00908041563767569,2,5851,0.0003418219107844813
info_tech,Panel data / fixed effects,Analysis,0.006725297465080186,26,799,26,0.03254067584480601,0.022301900245148894,0.047252877056844465,593,5851,0.1013501965475987
info_tech,"Causal designs (DiD, RDD, IV, synthetic control)",Analysis,0.0038799793067770304,15,799,15,0.01877346683354193,0.011409443388696582,0.030742663365296588,434,5851,0.07417535464023244
info_tech,Propensity scores / matching,Analysis,0.0007759958613554061,3,799,3,0.0037546933667083854,0.0012777385951421513,0.010980545742850798,49,5851,0.008374636814219792
info_tech,PLS-SEM,Analysis,0.01603724780134506,62,799,62,0.07759699624530664,0.061001935017180015,0.09823430953281401,603,5851,0.10305930610152111
info_tech,"Econometric time series (ARDL, GARCH, VECM)",Analysis,0.0005173305742369374,2,799,2,0.0025031289111389237,0.0006867168323172398,0.00908041563767569,209,5851,0.03572038967697829
info_tech,"Efficiency analysis (DEA, stochastic frontier)",Analysis,0.0002586652871184687,1,799,1,0.0012515644555694619,0.00022096603060604196,0.00705501457138687,38,5851,0.0064946163049051445
info_tech,Qualitative comparative analysis (QCA),Analysis,0.0023279875840662182,9,799,9,0.011264080100125156,0.005937203957173929,0.021267991588819125,31,5851,0.0052982396171594595
info_tech,Spatial analysis / GIS,Analysis,0.0002586652871184687,1,799,1,0.0012515644555694619,0.00022096603060604196,0.00705501457138687,29,5851,0.004956417706374979
info_tech,Conjoint / discrete choice,Analysis,0.003362648732540093,13,799,13,0.016270337922403004,0.009532756652964087,0.02763704636502904,85,5851,0.014527431208340455
all,Scale development / psychometric validation,Measurement,0.0027052617340727714,60,6650,60,0.009022556390977444,0.007016397192770661,0.011595627101255328,,,
all,Factor analysis (EFA/CFA),Measurement,0.007755083637675278,172,6650,172,0.025864661654135337,0.022314634174356793,0.029962153757975188,,,
all,IRT / Rasch / DIF,Measurement,0.0008115785202218315,18,6650,18,0.002706766917293233,0.0017128950818703663,0.004274842847790871,,,
all,"Reliability (alpha, omega, ICC)",Measurement,0.03697191036566121,820,6650,820,0.12330827067669173,0.11562267423828998,0.13142881760138386,,,
all,t test,Analysis,0.007845259028811037,174,6650,174,0.026165413533834586,0.022593761853015464,0.030284182572857702,,,
all,ANOVA / ANCOVA / MANOVA,Analysis,0.007800171333243158,173,6650,173,0.026015037593984963,0.02245418131274625,0.03012318486635633,,,
all,Correlation,Analysis,0.044276117047657694,982,6650,982,0.14766917293233084,0.13934581484893915,0.15639935296757018,,,
all,Linear / multiple / hierarchical regression,Analysis,0.054556111637134225,1210,6650,1210,0.18195488721804512,0.1728666296769913,0.19141037840321234,,,
all,Logistic / ordinal / multinomial regression,Analysis,0.011091573109698364,246,6650,246,0.03699248120300752,0.03271685382809316,0.04180272436526244,,,
all,"Count models (Poisson, negative binomial)",Analysis,0.0022994724739618558,51,6650,51,0.007669172932330827,0.005838114766891844,0.010068705306198841,,,
all,Chi-square / nonparametric,Analysis,0.00662789124847829,147,6650,147,0.022105263157894735,0.018837716325925253,0.025924615437141998,,,
all,Mediation,Analysis,0.03426664863158844,760,6650,760,0.11428571428571428,0.10686055757221186,0.12215623946122664,,,
all,Moderation / interactions,Analysis,0.035484016411921185,787,6650,787,0.11834586466165413,0.110801722998142,0.12633068669810238,,,
all,SEM / path analysis,Analysis,0.03710717345236485,823,6650,823,0.1237593984962406,0.11606115186582819,0.13189207471415743,,,
all,Multilevel / mixed-effects models,Analysis,0.00667297894404617,148,6650,148,0.022255639097744362,0.01897632461876971,0.026086585391068135,,,
all,Growth curve / trajectories,Analysis,0.00022543847783939764,5,6650,5,0.0007518796992481203,0.0003211994774483095,0.0017590212441952677,,,
all,Latent profile / class / mixture,Analysis,0.002479823256233374,55,6650,55,0.008270676691729323,0.006360026195870458,0.010749106864302584,,,
all,Cluster analysis,Analysis,0.003516840254294603,78,6650,78,0.011729323308270676,0.009408963374625363,0.01461346936127123,,,
all,Network analysis (psychometric networks),Analysis,0.0036521033409982417,81,6650,81,0.012180451127819548,0.009811461928398131,0.015112705547810234,,,
all,Machine learning / NLP,Analysis,0.03241805311330538,719,6650,719,0.1081203007518797,0.10088174421401204,0.11581134470183228,,,
all,Bayesian,Analysis,0.005004734208034627,111,6650,111,0.01669172932330827,0.013879862382922136,0.020061652496403903,,,
all,Survival / time-to-event,Analysis,0.002479823256233374,55,6650,55,0.008270676691729323,0.006360026195870458,0.010749106864302584,,,
all,Missing data / multiple imputation,Analysis,0.0006312277379503133,14,6650,14,0.002105263157894737,0.0012545126613575368,0.0035309122812213437,,,
all,Dyadic / APIM,Analysis,0.0020740339961224583,46,6650,46,0.0069172932330827065,0.005190256081837086,0.009213672757400652,,,
all,"Time series / dynamic models (VAR, DSEM)",Analysis,0.015465079579782678,343,6650,343,0.05157894736842105,0.046517199774474056,0.057158468355628704,,,
all,"Text analysis (LIWC, sentiment, topic models)",Analysis,0.004012804905541277,89,6650,89,0.01338345864661654,0.010889116194600274,0.016439677255772802,,,
all,Power analysis reported,Analysis,0.0001803507822715181,4,6650,4,0.0006015037593984962,0.00023393714421485114,0.0015457053306581364,,,
all,Panel data / fixed effects,Analysis,0.027909283556517426,619,6650,619,0.0930827067669173,0.08633247833956985,0.10030278589921555,,,
all,"Causal designs (DiD, RDD, IV, synthetic control)",Analysis,0.020244375309977906,449,6650,449,0.0675187969924812,0.061734327354933706,0.07380263493285151,,,
all,Propensity scores / matching,Analysis,0.002344560169529735,52,6650,52,0.007819548872180452,0.005968307738972856,0.010239090580888422,,,
all,PLS-SEM,Analysis,0.029983317552639884,665,6650,665,0.1,0.09301892906389435,0.10744293452633817,,,
all,"Econometric time series (ARDL, GARCH, VECM)",Analysis,0.00951350376482258,211,6650,211,0.03172932330827068,0.027779464244103953,0.036219875312281026,,,
all,"Efficiency analysis (DEA, stochastic frontier)",Analysis,0.0017584201271473015,39,6650,39,0.005864661654135338,0.004293231278121674,0.008006649833721936,,,
all,Qualitative comparative analysis (QCA),Analysis,0.0018035078227151811,40,6650,40,0.006015037593984963,0.0044205741452162444,0.008179885213397957,,,
all,Spatial analysis / GIS,Analysis,0.0013526308670363857,30,6650,30,0.004511278195488722,0.003161925714729379,0.0064327511761789295,,,
all,Conjoint / discrete choice,Analysis,0.004418594165652194,98,6650,98,0.014736842105263158,0.012108198387664623,0.017925799283643757,,,
us,Scale development / psychometric validation,Measurement,0.008183306055646482,5,200,5,0.025,0.010724719583860124,0.05717834075165468,55,6450,0.008527131782945736
us,Factor analysis (EFA/CFA),Measurement,0.016366612111292964,10,200,10,0.05,0.027382645473457017,0.08957814852860962,162,6450,0.025116279069767444
us,IRT / Rasch / DIF,Measurement,0.0,0,200,0,0.0,0.0,0.018845326668962936,18,6450,0.0027906976744186047
us,"Reliability (alpha, omega, ICC)",Measurement,0.031096563011456628,19,200,19,0.095,0.061663102507449205,0.14360161209441075,801,6450,0.1241860465116279
us,t test,Analysis,0.006546644844517185,4,200,4,0.02,0.007804426362159347,0.05028708724004507,170,6450,0.02635658914728682
us,ANOVA / ANCOVA / MANOVA,Analysis,0.008183306055646482,5,200,5,0.025,0.010724719583860124,0.05717834075165468,168,6450,0.026046511627906978
us,Correlation,Analysis,0.06873977086743044,42,200,42,0.21,0.15928412034547007,0.2716461691225284,940,6450,0.14573643410852713
us,Linear / multiple / hierarchical regression,Analysis,0.06546644844517185,40,200,40,0.2,0.15045200891679145,0.2608551870845863,1170,6450,0.1813953488372093
us,Logistic / ordinal / multinomial regression,Analysis,0.01309328968903437,8,200,8,0.04,0.020405631961019504,0.0769320685744264,238,6450,0.03689922480620155
us,"Count models (Poisson, negative binomial)",Analysis,0.0032733224222585926,2,200,2,0.01,0.00274665810884896,0.035721762026734716,49,6450,0.007596899224806201
us,Chi-square / nonparametric,Analysis,0.004909983633387889,3,200,3,0.015,0.005114237753504752,0.043165729115389295,144,6450,0.022325581395348838
us,Mediation,Analysis,0.049099836333878884,30,200,30,0.15,0.10713593533492478,0.20605579333334928,730,6450,0.11317829457364341
us,Moderation / interactions,Analysis,0.05073649754500818,31,200,31,0.155,0.11139636898322336,0.21160690641836105,756,6450,0.1172093023255814
us,SEM / path analysis,Analysis,0.02618657937806874,16,200,16,0.08,0.049840585704871626,0.12598948869705723,807,6450,0.12511627906976744
us,Multilevel / mixed-effects models,Analysis,0.004909983633387889,3,200,3,0.015,0.005114237753504752,0.043165729115389295,145,6450,0.02248062015503876
us,Growth curve / trajectories,Analysis,0.0,0,200,0,0.0,0.0,0.018845326668962936,5,6450,0.0007751937984496124
us,Latent profile / class / mixture,Analysis,0.0032733224222585926,2,200,2,0.01,0.00274665810884896,0.035721762026734716,53,6450,0.008217054263565891
us,Cluster analysis,Analysis,0.0016366612111292963,1,200,1,0.005,0.0008831687058453754,0.02777370469642793,77,6450,0.011937984496124031
us,Network analysis (psychometric networks),Analysis,0.016366612111292964,10,200,10,0.05,0.027382645473457017,0.08957814852860962,71,6450,0.011007751937984495
us,Machine learning / NLP,Analysis,0.03436988543371522,21,200,21,0.105,0.06970748770124899,0.15518032036723173,698,6450,0.1082170542635659
us,Bayesian,Analysis,0.008183306055646482,5,200,5,0.025,0.010724719583860124,0.05717834075165468,106,6450,0.016434108527131782
us,Survival / time-to-event,Analysis,0.004909983633387889,3,200,3,0.015,0.005114237753504752,0.043165729115389295,52,6450,0.00806201550387597
us,Missing data / multiple imputation,Analysis,0.0032733224222585926,2,200,2,0.01,0.00274665810884896,0.035721762026734716,12,6450,0.0018604651162790699
us,Dyadic / APIM,Analysis,0.0032733224222585926,2,200,2,0.01,0.00274665810884896,0.035721762026734716,44,6450,0.006821705426356589
us,"Time series / dynamic models (VAR, DSEM)",Analysis,0.01800327332242226,11,200,11,0.055,0.03098534156570805,0.09578699916966894,332,6450,0.05147286821705426
us,"Text analysis (LIWC, sentiment, topic models)",Analysis,0.0016366612111292963,1,200,1,0.005,0.0008831687058453754,0.02777370469642793,88,6450,0.013643410852713178
us,Power analysis reported,Analysis,0.0,0,200,0,0.0,0.0,0.018845326668962936,4,6450,0.00062015503875969
us,Panel data / fixed effects,Analysis,0.024549918166939442,15,200,15,0.075,0.04597491700833055,0.12004361066028794,604,6450,0.09364341085271317
us,"Causal designs (DiD, RDD, IV, synthetic control)",Analysis,0.024549918166939442,15,200,15,0.075,0.04597491700833055,0.12004361066028794,434,6450,0.06728682170542635
us,Propensity scores / matching,Analysis,0.0,0,200,0,0.0,0.0,0.018845326668962936,52,6450,0.00806201550387597
us,PLS-SEM,Analysis,0.006546644844517185,4,200,4,0.02,0.007804426362159347,0.05028708724004507,661,6450,0.10248062015503875
us,"Econometric time series (ARDL, GARCH, VECM)",Analysis,0.0032733224222585926,2,200,2,0.01,0.00274665810884896,0.035721762026734716,209,6450,0.032403100775193795
us,"Efficiency analysis (DEA, stochastic frontier)",Analysis,0.0,0,200,0,0.0,0.0,0.018845326668962936,39,6450,0.0060465116279069765
us,Qualitative comparative analysis (QCA),Analysis,0.0016366612111292963,1,200,1,0.005,0.0008831687058453754,0.02777370469642793,39,6450,0.0060465116279069765
us,Spatial analysis / GIS,Analysis,0.0032733224222585926,2,200,2,0.01,0.00274665810884896,0.035721762026734716,28,6450,0.004341085271317829
us,Conjoint / discrete choice,Analysis,0.0032733224222585926,2,200,2,0.01,0.00274665810884896,0.035721762026734716,96,6450,0.014883720930232559
other,Scale development / psychometric validation,Measurement,0.002550074183976261,55,6450,55,0.008527131782945736,0.006557406424079881,0.01108192661603313,5,200,0.025
other,Factor analysis (EFA/CFA),Measurement,0.007511127596439169,162,6450,162,0.025116279069767444,0.02157086695046032,0.029227012261484848,10,200,0.05
other,IRT / Rasch / DIF,Measurement,0.0008345697329376854,18,6450,18,0.0027906976744186047,0.0017660292455277367,0.004407264464138644,0,200,0.0
other,"Reliability (alpha, omega, ICC)",Measurement,0.037138353115727,801,6450,801,0.1241860465116279,0.11636060662039557,0.13245887075791168,19,200,0.095
other,t test,Analysis,0.007882047477744807,170,6450,170,0.02635658914728682,0.022720095775962318,0.03055692707499833,4,200,0.02
other,ANOVA / ANCOVA / MANOVA,Analysis,0.007789317507418398,168,6450,168,0.026046511627906978,0.02243257014550802,0.03022466679569876,5,200,0.025
other,Correlation,Analysis,0.04358308605341246,940,6450,940,0.14573643410852713,0.13733638578509566,0.15455821232110567,42,200,0.21
other,Linear / multiple / hierarchical regression,Analysis,0.05424703264094956,1170,6450,1170,0.1813953488372093,0.17218175010039227,0.1909882276275044,40,200,0.2
other,Logistic / ordinal / multinomial regression,Analysis,0.01103486646884273,238,6450,238,0.03689922480620155,0.0325674069702483,0.041782336812343994,8,200,0.04
other,"Count models (Poisson, negative binomial)",Analysis,0.0022718842729970326,49,6450,49,0.007596899224806201,0.005751441593221005,0.01002853371763039,2,200,0.01
other,Chi-square / nonparametric,Analysis,0.0066765578635014835,144,6450,144,0.022325581395348838,0.018994269418467963,0.02622553660569235,3,200,0.015
other,Mediation,Analysis,0.033846439169139465,730,6450,730,0.11317829457364341,0.10567583667346184,0.12114124090858297,30,200,0.15
other,Moderation / interactions,Analysis,0.03505192878338279,756,6450,756,0.1172093023255814,0.10958602348701466,0.12528827092183048,31,200,0.155
other,SEM / path analysis,Analysis,0.03741654302670623,807,6450,807,0.12511627906976744,0.11726452213140187,0.13341431297616696,16,200,0.08
other,Multilevel / mixed-effects models,Analysis,0.006722922848664688,145,6450,145,0.02248062015503876,0.019137053843345662,0.026392645135691586,3,200,0.015
other,Growth curve / trajectories,Analysis,0.00023182492581602375,5,6450,5,0.0007751937984496124,0.0003311604755226492,0.0018135248207435638,0,200,0.0
other,Latent profile / class / mixture,Analysis,0.0024573442136498515,53,6450,53,0.008217054263565891,0.006287960198032324,0.010731586932326816,2,200,0.01
other,Cluster analysis,Analysis,0.0035701038575667657,77,6450,77,0.011937984496124031,0.00956291251798565,0.014894065529419954,1,200,0.005
other,Network analysis (psychometric networks),Analysis,0.003291913946587537,71,6450,71,0.011007751937984495,0.008736656472826839,0.013860963845317147,10,200,0.05
other,Machine learning / NLP,Analysis,0.03236275964391691,698,6450,698,0.1082170542635659,0.10086758667073731,0.11603291635524557,21,200,0.105
other,Bayesian,Analysis,0.004914688427299703,106,6450,106,0.016434108527131782,0.013606811399066613,0.019837062339770128,5,200,0.025
other,Survival / time-to-event,Analysis,0.002410979228486647,52,6450,52,0.00806201550387597,0.006153525497704466,0.010556128677777736,3,200,0.015
other,Missing data / multiple imputation,Analysis,0.000556379821958457,12,6450,12,0.0018604651162790699,0.0010646124085429097,0.0032493235718618558,2,200,0.01
other,Dyadic / APIM,Analysis,0.002040059347181009,44,6450,44,0.006821705426356589,0.005085750010565427,0.00914476052590129,2,200,0.01
other,"Time series / dynamic models (VAR, DSEM)",Analysis,0.015393175074183977,332,6450,332,0.05147286821705426,0.04634243665858439,0.05713724488243988,11,200,0.055
other,"Text analysis (LIWC, sentiment, topic models)",Analysis,0.004080118694362018,88,6450,88,0.013643410852713178,0.011087931677655675,0.016777868873396225,1,200,0.005
other,Power analysis reported,Analysis,0.000185459940652819,4,6450,4,0.00062015503875969,0.0002411917791686265,0.0015936005622206506,0,200,0.0
other,Panel data / fixed effects,Analysis,0.028004451038575667,604,6450,604,0.09364341085271317,0.08677350082712366,0.1009970644404272,15,200,0.075
other,"Causal designs (DiD, RDD, IV, synthetic control)",Analysis,0.02012240356083086,434,6450,434,0.06728682170542635,0.06142703208379917,0.07366173085467258,15,200,0.075
other,Propensity scores / matching,Analysis,0.002410979228486647,52,6450,52,0.00806201550387597,0.006153525497704466,0.010556128677777736,0,200,0.0
other,PLS-SEM,Analysis,0.030647255192878337,661,6450,661,0.10248062015503875,0.09531430119797236,0.11012016249756386,4,200,0.02
other,"Econometric time series (ARDL, GARCH, VECM)",Analysis,0.009690281899109792,209,6450,209,0.032403100775193795,0.02835251008267274,0.03701033800848841,2,200,0.01
other,"Efficiency analysis (DEA, stochastic frontier)",Analysis,0.0018082344213649851,39,6450,39,0.0060465116279069765,0.0044264463462225425,0.008254599415859494,0,200,0.0
other,Qualitative comparative analysis (QCA),Analysis,0.0018082344213649851,39,6450,39,0.0060465116279069765,0.0044264463462225425,0.008254599415859494,1,200,0.005
other,Spatial analysis / GIS,Analysis,0.0012982195845697329,28,6450,28,0.004341085271317829,0.003005244789420952,0.006266978469014789,2,200,0.01
other,Conjoint / discrete choice,Analysis,0.004451038575667656,96,6450,96,0.014883720930232559,0.012204203734495895,0.018140740455571493,2,200,0.01
