subfield,method,group,share_all,x_all,n_quant,x_quant,share_quant,ci_low,ci_high,rest_x,rest_n,rest_share_quant,label,p_vs_rest,q_vs_rest,contrast,early_x,early_n,late_x,late_n,early_share,late_share,p_trend,q_trend
teaching_learning,Scale development / psychometric validation,Measurement,0.00410899653979238,19,1020,19,0.01862745098039215,0.01195709814708847,0.02891002880732712,47,1828,0.02571115973741794,Scale development,0.24503599528793893,0.3392806088602231,No clear difference,7,908,8,2118,0.007709251101321586,0.003777148253068933,0.16560811860875063,0.6624324744350025
teaching_learning,Factor analysis (EFA/CFA),Measurement,0.00821799307958477,38,1020,38,0.03725490196078431,0.02726135197224093,0.05072089634239075,66,1828,0.03610503282275711,Factor analysis,0.9170925026191618,1,No clear difference,5,908,25,2118,0.005506607929515419,0.011803588290840416,0.15901388299939623,0.6624324744350025
teaching_learning,IRT / Rasch / DIF,Measurement,0.00583910034602076,27,1020,27,0.02647058823529411,0.01825500601318656,0.03823954046132002,19,1828,0.01039387308533916,IRT / Rasch,0.001674624691004423,0.004637422221243017,More common than elsewhere,6,908,18,2118,0.006607929515418502,0.0084985835694051,0.6622384348589553,1
teaching_learning,"Reliability (alpha, omega, ICC)",Measurement,0.05493079584775087,254,1020,254,0.24901960784313729,0.2234557225065724,0.27646685285051603,273,1828,0.14934354485776805,Reliability,9.936122690344062e-11,1.1923347228412873e-9,More common than elsewhere,28,908,172,2118,0.030837004405286344,0.08120868744098206,6.513300447503515e-8,1.1723940805506327e-6
teaching_learning,t test,Analysis,0.06833910034602077,316,1020,316,0.30980392156862746,0.2821841032992601,0.3388509733385335,358,1828,0.19584245076586437,t test,1.210624100851127e-11,2.1791233815320286e-10,More common than elsewhere,24,908,182,2118,0.02643171806167401,0.08593012275731822,1.5935956944787936e-10,5.736944500123657e-9
teaching_learning,ANOVA / ANCOVA / MANOVA,Analysis,0.02011245674740484,93,1020,93,0.09117647058823528,0.0750113245112264,0.11040943300403085,136,1828,0.07439824945295405,ANOVA family,0.11457513447505153,0.18748658368644797,No clear difference,15,908,47,2118,0.016519823788546256,0.022190745986779982,0.40063159155849254,0.8607260410947529
teaching_learning,Correlation,Analysis,0.02789792387543252,129,1020,129,0.1264705882352941,0.10746447855766592,0.14827966679800073,333,1828,0.18216630196936545,Correlation,1.0573293900082891e-4,3.4603507309362194e-4,Less common than elsewhere,34,908,52,2118,0.037444933920704845,0.024551463644948063,0.056133153042949184,0.40415870190923414
teaching_learning,Linear / multiple / hierarchical regression,Analysis,0.00821799307958477,38,1020,38,0.03725490196078431,0.02726135197224093,0.05072089634239075,200,1828,0.10940919037199125,Linear regression,2.1721318115292274e-12,7.819674521505219e-11,Less common than elsewhere,7,908,14,2118,0.007709251101321586,0.0066100094428706326,0.811588219570061,1
teaching_learning,Logistic / ordinal / multinomial regression,Analysis,6.4878892733564e-4,3,1020,3,0.00294117647058823,0.00100075862824587,0.00861152928598774,59,1828,0.03227571115973741,Logistic regression,9.07484315382534e-9,8.167358838442807e-8,Less common than elsewhere,1,908,0,2118,0.0011013215859030838,0,0.3000660938532717,0.8309522599013678
teaching_learning,"Count models (Poisson, negative binomial)",Analysis,0,0,1020,0,0,0,0.0037520055941995,5,1828,0.00273522975929978,Count models,0.1672566547810244,0.2617930248746469,No clear difference,0,908,0,2118,0,0,1,1
teaching_learning,Chi-square / nonparametric,Analysis,0.01794982698961937,83,1020,83,0.08137254901960785,0.06612261552412886,0.09976386759101465,133,1828,0.07275711159737418,Chi-square / nonparametric,0.4171936628917691,0.5562582171890255,No clear difference,11,908,49,2118,0.012114537444933921,0.023135033050047216,0.04682894607062128,0.40415870190923414
teaching_learning,Mediation,Analysis,0.00886678200692041,41,1020,41,0.04019607843137255,0.0297668433755858,0.05407568725908001,172,1828,0.09409190371991248,Mediation,6.488911473166584e-8,3.89334688389995e-7,Less common than elsewhere,10,908,17,2118,0.011013215859030838,0.008026440037771483,0.40645396385029997,0.8607260410947529
teaching_learning,Moderation / interactions,Analysis,0.00432525951557093,20,1020,20,0.0196078431372549,0.0127284005899358,0.03009215380449117,111,1828,0.06072210065645514,Moderation,1.1808778797579074e-7,6.073086238754953e-7,Less common than elsewhere,4,908,11,2118,0.004405286343612335,0.005193578847969783,1,1
teaching_learning,SEM / path analysis,Analysis,0.00692041522491349,32,1020,32,0.03137254901960784,0.02230916401178187,0.04395251966278157,126,1828,0.06892778993435449,SEM / path analysis,1.6768229240788434e-5,6.707291696315373e-5,Less common than elsewhere,3,908,22,2118,0.003303964757709251,0.010387157695939566,0.04977042779560603,0.40415870190923414
teaching_learning,Multilevel / mixed-effects models,Analysis,0.00346020761245674,16,1020,16,0.01568627450980392,0.00967821942257418,0.02532862521180729,52,1828,0.02844638949671772,Multilevel models,0.039709406259203085,0.07295969578607922,No clear difference,5,908,7,2118,0.005506607929515419,0.0033050047214353163,0.3607388368185794,0.8607260410947529
teaching_learning,Growth curve / trajectories,Analysis,2.1626297577854e-4,1,1020,1,9.8039215686274e-4,1.7308425569859e-4,0.00553234877851228,22,1828,0.01203501094091903,Growth models,7.087170952551655e-4,0.0021261512857654965,Less common than elsewhere,0,908,0,2118,0,0,1,1
teaching_learning,Latent profile / class / mixture,Analysis,0.00129757785467128,6,1020,6,0.00588235294117647,0.00269864097803374,0.01277392925623399,33,1828,0.01805251641137855,Latent profile / class,0.0066223829434314645,0.014900361622720796,Less common than elsewhere,3,908,2,2118,0.003303964757709251,9.442870632672333e-4,0.16299239020963066,0.6624324744350025
teaching_learning,Cluster analysis,Analysis,6.4878892733564e-4,3,1020,3,0.00294117647058823,0.00100075862824587,0.00861152928598774,7,1828,0.00382932166301969,Cluster analysis,1,1,No clear difference,0,908,2,2118,0,9.442870632672333e-4,1,1
teaching_learning,Network analysis (psychometric networks),Analysis,6.4878892733564e-4,3,1020,3,0.00294117647058823,0.00100075862824587,0.00861152928598774,13,1828,0.00711159737417943,Network analysis,0.19549001243064767,0.2932350186459715,No clear difference,1,908,1,2118,0.0011013215859030838,4.7214353163361664e-4,0.5101619572520251,0.9666226558459422
teaching_learning,Machine learning / NLP,Analysis,0.00865051903114187,40,1020,40,0.0392156862745098,0.02892971274879936,0.05295939044585507,37,1828,0.02024070021881838,Machine learning / NLP,0.0036389322062361663,0.009357254244607285,More common than elsewhere,8,908,28,2118,0.00881057268722467,0.013220018885741265,0.36341394557482476,0.8607260410947529
teaching_learning,Bayesian,Analysis,4.3252595155709e-4,2,1020,2,0.00196078431372549,5.3788256792483e-4,0.00712097790629741,10,1828,0.00547045951859956,Bayesian,0.23173670414481615,0.3337008539685352,No clear difference,1,908,1,2118,0.0011013215859030838,4.7214353163361664e-4,0.5101619572520251,0.9666226558459422
teaching_learning,Survival / time-to-event,Analysis,2.1626297577854e-4,1,1020,1,9.8039215686274e-4,1.7308425569859e-4,0.00553234877851228,11,1828,0.00601750547045951,Survival analysis,0.06649034172201293,0.11398344295202216,No clear difference,0,908,1,2118,0,4.7214353163361664e-4,1,1
teaching_learning,Missing data / multiple imputation,Analysis,2.1626297577854e-4,1,1020,1,9.8039215686274e-4,1.7308425569859e-4,0.00553234877851228,3,1828,0.00164113785557986,Missing data methods,0.9999999999999999,1,No clear difference,1,908,0,2118,0.0011013215859030838,0,0.3000660938532717,0.8309522599013678
teaching_learning,Dyadic / APIM,Analysis,2.1626297577854e-4,1,1020,1,9.8039215686274e-4,1.7308425569859e-4,0.00553234877851228,40,1828,0.02188183807439825,Dyadic (APIM),4.604725376955573e-7,2.0721264196300077e-6,Less common than elsewhere,1,908,0,2118,0.0011013215859030838,0,0.3000660938532717,0.8309522599013678
teaching_learning,"Time series / dynamic models (VAR, DSEM)",Analysis,6.4878892733564e-4,3,1020,3,0.00294117647058823,0.00100075862824587,0.00861152928598774,18,1828,0.00984682713347921,Time series,0.040533164325599565,0.07295969578607922,No clear difference,0,908,1,2118,0,4.7214353163361664e-4,1,1
teaching_learning,"Text analysis (LIWC, sentiment, topic models)",Analysis,0.00129757785467128,6,1020,6,0.00588235294117647,0.00269864097803374,0.01277392925623399,8,1828,0.00437636761487965,Text analysis,0.5856101152787954,0.726964281035746,No clear difference,4,908,2,2118,0.004405286343612335,9.442870632672333e-4,0.0703255427616126,0.4219532565696756
teaching_learning,Power analysis reported,Analysis,0,0,1020,0,0,0,0.0037520055941995,0,1828,0,Power analysis,1,1,No clear difference,0,908,0,2118,0,0,1,1
teaching_learning,Panel data / fixed effects,Analysis,4.3252595155709e-4,2,1020,2,0.00196078431372549,5.3788256792483e-4,0.00712097790629741,36,1828,0.01969365426695842,Panel data / fixed effects,1.9750400402925126e-5,7.110144145053045e-5,Less common than elsewhere,0,908,1,2118,0,4.7214353163361664e-4,1,1
teaching_learning,"Causal designs (DiD, RDD, IV, synthetic control)",Analysis,6.4878892733564e-4,3,1020,3,0.00294117647058823,0.00100075862824587,0.00861152928598774,56,1828,0.03063457330415754,"DiD, RDD, IV",2.6281046731520315e-8,1.8922353646694627e-7,Less common than elsewhere,0,908,0,2118,0,0,1,1
teaching_learning,Propensity scores / matching,Analysis,0,0,1020,0,0,0,0.0037520055941995,13,1828,0.00711159737417943,Propensity scores,0.006094377208680106,0.014626505300832253,Less common than elsewhere,0,908,0,2118,0,0,1,1
teaching_learning,PLS-SEM,Analysis,0.00302768166089965,14,1020,14,0.01372549019607843,0.00819335865918423,0.02290663109517449,48,1828,0.0262582056892779,PLS-SEM,0.03150723003308495,0.0630144600661699,No clear difference,3,908,7,2118,0.003303964757709251,0.0033050047214353163,1,1
teaching_learning,"Econometric time series (ARDL, GARCH, VECM)",Analysis,2.1626297577854e-4,1,1020,1,9.8039215686274e-4,1.7308425569859e-4,0.00553234877851228,1,1828,5.4704595185995e-4,Econometric time series,1,1,No clear difference,1,908,0,2118,0.0011013215859030838,0,0.3000660938532717,0.8309522599013678
teaching_learning,"Efficiency analysis (DEA, stochastic frontier)",Analysis,0,0,1020,0,0,0,0.0037520055941995,3,1828,0.00164113785557986,Efficiency analysis (DEA),0.5571324930825251,0.7163132053918181,No clear difference,0,908,0,2118,0,0,1,1
teaching_learning,Qualitative comparative analysis (QCA),Analysis,2.1626297577854e-4,1,1020,1,9.8039215686274e-4,1.7308425569859e-4,0.00553234877851228,2,1828,0.00109409190371991,QCA,1,1,No clear difference,0,908,1,2118,0,4.7214353163361664e-4,1,1
teaching_learning,Spatial analysis / GIS,Analysis,8.6505190311418e-4,4,1020,4,0.00392156862745098,0.00152604626664708,0.0100396690875979,10,1828,0.00547045951859956,Spatial / GIS,0.7813450413519897,0.9376140496223876,No clear difference,1,908,3,2118,0.0011013215859030838,0.00141643059490085,1,1
teaching_learning,Conjoint / discrete choice,Analysis,2.1626297577854e-4,1,1020,1,9.8039215686274e-4,1.7308425569859e-4,0.00553234877851228,13,1828,0.00711159737417943,Conjoint / choice models,0.02469738758303393,0.05230035017583656,No clear difference,0,908,0,2118,0,0,1,1
online_learning,Scale development / psychometric validation,Measurement,0.00321672698029754,8,583,8,0.0137221269296741,0.00696925679668396,0.02684133817920619,58,2265,0.02560706401766004,Scale development,0.1207776800650347,0.2415553601300694,No clear difference,4,568,2,1068,0.007042253521126761,0.0018726591760299626,0.19099742620836693,0.961444423547113
online_learning,Factor analysis (EFA/CFA),Measurement,0.00522718134298351,13,583,13,0.02229845626072041,0.01307684241913584,0.03777413007040704,91,2265,0.0401766004415011,Factor analysis,0.046620556117665385,0.10489625126474711,No clear difference,3,568,8,1068,0.00528169014084507,0.00749063670411985,0.7569097640772923,1
online_learning,IRT / Rasch / DIF,Measurement,0.00281463610776035,7,583,7,0.01200686106346483,0.0058280379913009,0.0245744814818587,39,2265,0.01721854304635761,IRT / Rasch,0.46299252393310775,0.6157202210515514,No clear difference,2,568,3,1068,0.0035211267605633804,0.0028089887640449437,1,1
online_learning,"Reliability (alpha, omega, ICC)",Measurement,0.04784881383192602,119,583,119,0.20411663807890223,0.17338595825826242,0.2387210175207183,408,2265,0.18013245033112582,Reliability,0.18847854163689376,0.3392613749464088,No clear difference,9,568,78,1068,0.01584507042253521,0.07303370786516854,1.72143444567699e-7,3.098582002218582e-6
online_learning,t test,Analysis,0.10293526336952152,256,583,256,0.4391080617495712,0.3993521431509542,0.4796611765021113,418,2265,0.1845474613686534,t test,1.3833527003712844e-34,4.980069721336624e-33,More common than elsewhere,25,568,144,1068,0.04401408450704225,0.1348314606741573,1.387167172358613e-9,4.993801820491007e-8
online_learning,ANOVA / ANCOVA / MANOVA,Analysis,0.02131081624447125,53,583,53,0.09090909090909093,0.0701741330567753,0.11699985954198944,176,2265,0.07770419426048565,ANOVA family,0.305472936136664,0.450489301689738,No clear difference,10,568,21,1068,0.017605633802816902,0.019662921348314606,0.8507623954031664,1
online_learning,Correlation,Analysis,0.02010454362685967,50,583,50,0.08576329331046312,0.06565799334149396,0.11129177274907912,412,2265,0.1818984547461369,Correlation,3.592946637070385e-9,6.467303946726694e-8,Less common than elsewhere,16,568,21,1068,0.028169014084507043,0.019662921348314606,0.29597875125009454,0.961444423547113
online_learning,Linear / multiple / hierarchical regression,Analysis,0.00723763570566948,18,583,18,0.03087478559176672,0.01961750528359548,0.04827384471960014,220,2265,0.09713024282560706,Linear regression,2.0126066585294644e-8,2.4151279902353575e-7,Less common than elsewhere,10,568,5,1068,0.017605633802816902,0.0046816479400749065,0.01297187095071601,0.11755154044882433
online_learning,Logistic / ordinal / multinomial regression,Analysis,0.00120627261761158,3,583,3,0.00514579759862778,0.001751546465952,0.01501867099628543,59,2265,0.0260485651214128,Logistic regression,7.260285816072845e-4,0.002904114326429138,Less common than elsewhere,1,568,0,1068,0.0017605633802816902,0,0.3471882640586797,0.961444423547113
online_learning,"Count models (Poisson, negative binomial)",Analysis,4.0209087253719e-4,1,583,1,0.00171526586620926,3.0285073656875e-4,0.00965121572020758,4,2265,0.00176600441501103,Count models,1,1,No clear difference,1,568,0,1068,0.0017605633802816902,0,0.3471882640586797,0.961444423547113
online_learning,Chi-square / nonparametric,Analysis,0.02492963409730599,62,583,62,0.10634648370497428,0.08384842997224795,0.13399824215109168,154,2265,0.06799116997792494,Chi-square / nonparametric,0.0027511121140169933,0.009904003610461176,More common than elsewhere,7,568,35,1068,0.01232394366197183,0.03277153558052434,0.013061282272091593,0.11755154044882433
online_learning,Mediation,Analysis,0.00643345396059509,16,583,16,0.0274442538593482,0.01696231795471078,0.04411288104302374,197,2265,0.0869757174392936,Mediation,1.2770591235327456e-7,1.149353211179471e-6,Less common than elsewhere,3,568,5,1068,0.00528169014084507,0.0046816479400749065,1,1
online_learning,Moderation / interactions,Analysis,0.00442299959790912,11,583,11,0.01886792452830188,0.01056760012193767,0.03346722136214412,120,2265,0.05298013245033112,Moderation,2.1551733060636268e-4,0.0011083748431184367,Less common than elsewhere,5,568,4,1068,0.008802816901408451,0.003745318352059925,0.29029642010769086,0.961444423547113
online_learning,SEM / path analysis,Analysis,0.00763972657820667,19,583,19,0.03259005145797598,0.02096151554208835,0.0503379099638378,139,2265,0.06136865342163356,SEM / path analysis,0.005941681993528945,0.01944550470609473,Less common than elsewhere,4,568,8,1068,0.007042253521126761,0.00749063670411985,0.9999999999999999,1
online_learning,Multilevel / mixed-effects models,Analysis,0.00120627261761158,3,583,3,0.00514579759862778,0.001751546465952,0.01501867099628543,65,2265,0.02869757174392936,Multilevel models,3.4169054614805204e-4,0.0015376074576662342,Less common than elsewhere,2,568,1,1068,0.0035211267605633804,9.363295880149813e-4,0.27779193714948525,0.961444423547113
online_learning,Growth curve / trajectories,Analysis,0,0,583,0,0,0,0.00654599095404579,23,2265,0.01015452538631346,Growth models,0.007954276079053264,0.02386282823715979,Less common than elsewhere,0,568,0,1068,0,0,1,1
online_learning,Latent profile / class / mixture,Analysis,8.0418174507438e-4,2,583,2,0.00343053173241852,9.412801928076e-4,0.01242086176669927,37,2265,0.01633554083885209,Latent profile / class,0.01481202410676089,0.03808806198881372,Less common than elsewhere,0,568,2,1068,0,0.0018726591760299626,0.5464256073215047,1
online_learning,Cluster analysis,Analysis,0,0,583,0,0,0,0.00654599095404579,10,2265,0.00441501103752759,Cluster analysis,0.22974811293379255,0.3938539078865015,No clear difference,0,568,0,1068,0,0,1,1
online_learning,Network analysis (psychometric networks),Analysis,0.00160836349014877,4,583,4,0.00686106346483705,0.00267127400375819,0.01750701896120978,12,2265,0.00529801324503311,Network analysis,0.7547825290979273,0.8491303452351682,No clear difference,1,568,3,1068,0.0017605633802816902,0.0028089887640449437,1,1
online_learning,Machine learning / NLP,Analysis,0.00321672698029754,8,583,8,0.0137221269296741,0.00696925679668396,0.02684133817920619,69,2265,0.03046357615894039,Machine learning / NLP,0.030443581740009027,0.073064596176021665,No clear difference,1,568,5,1068,0.0017605633802816902,0.0046816479400749065,0.6710334581152738,1
online_learning,Bayesian,Analysis,4.0209087253719e-4,1,583,1,0.00171526586620926,3.0285073656875e-4,0.00965121572020758,11,2265,0.00485651214128035,Bayesian,0.4788935052623178,0.6157202210515514,No clear difference,1,568,0,1068,0.0017605633802816902,0,0.3471882640586797,0.961444423547113
online_learning,Survival / time-to-event,Analysis,0,0,583,0,0,0,0.00654599095404579,12,2265,0.00529801324503311,Survival analysis,0.142184311973534,0.2694018542656434,No clear difference,0,568,0,1068,0,0,1,1
online_learning,Missing data / multiple imputation,Analysis,0,0,583,0,0,0,0.00654599095404579,4,2265,0.00176600441501103,Missing data methods,0.5877951377220462,0.6934946299977828,No clear difference,0,568,0,1068,0,0,1,1
online_learning,Dyadic / APIM,Analysis,0,0,583,0,0,0,0.00654599095404579,41,2265,0.01810154525386313,Dyadic (APIM),1.1983637286444143e-4,7.190182371866486e-4,Less common than elsewhere,0,568,0,1068,0,0,1,1
online_learning,"Time series / dynamic models (VAR, DSEM)",Analysis,0.00120627261761158,3,583,3,0.00514579759862778,0.001751546465952,0.01501867099628543,18,2265,0.00794701986754966,Time series,0.5971759313869796,0.6934946299977828,No clear difference,2,568,0,1068,0.0035211267605633804,0,0.12040106771943203,0.8668876875799106
online_learning,"Text analysis (LIWC, sentiment, topic models)",Analysis,4.0209087253719e-4,1,583,1,0.00171526586620926,3.0285073656875e-4,0.00965121572020758,13,2265,0.00573951434878587,Text analysis,0.32535338455369966,0.450489301689738,No clear difference,0,568,0,1068,0,0,1,1
online_learning,Power analysis reported,Analysis,0,0,583,0,0,0,0.00654599095404579,0,2265,0,Power analysis,1,1,No clear difference,0,568,0,1068,0,0,1,1
online_learning,Panel data / fixed effects,Analysis,8.0418174507438e-4,2,583,2,0.00343053173241852,9.412801928076e-4,0.01242086176669927,36,2265,0.01589403973509933,Panel data / fixed effects,0.014593794262091052,0.03808806198881372,Less common than elsewhere,1,568,0,1068,0.0017605633802816902,0,0.3471882640586797,0.961444423547113
online_learning,"Causal designs (DiD, RDD, IV, synthetic control)",Analysis,4.0209087253719e-4,1,583,1,0.00171526586620926,3.0285073656875e-4,0.00965121572020758,58,2265,0.02560706401766004,"DiD, RDD, IV",2.798427727382061e-5,2.014867963715084e-4,Less common than elsewhere,0,568,0,1068,0,0,1,1
online_learning,Propensity scores / matching,Analysis,0,0,583,0,0,0,0.00654599095404579,13,2265,0.00573951434878587,Propensity scores,0.08363801539172439,0.17711579730012222,No clear difference,0,568,0,1068,0,0,1,1
online_learning,PLS-SEM,Analysis,0.00361881785283474,9,583,9,0.01543739279588336,0.00814251828822717,0.02907615219039353,53,2265,0.02339955849889624,PLS-SEM,0.26917598055447295,0.44046978636186485,No clear difference,2,568,3,1068,0.0035211267605633804,0.0028089887640449437,1,1
online_learning,"Econometric time series (ARDL, GARCH, VECM)",Analysis,0,0,583,0,0,0,0.00654599095404579,2,2265,8.8300220750551e-4,Econometric time series,1,1,No clear difference,0,568,0,1068,0,0,1,1
online_learning,"Efficiency analysis (DEA, stochastic frontier)",Analysis,4.0209087253719e-4,1,583,1,0.00171526586620926,3.0285073656875e-4,0.00965121572020758,2,2265,8.8300220750551e-4,Efficiency analysis (DEA),0.49711713843019767,0.617110930465073,No clear difference,0,568,1,1068,0,9.363295880149813e-4,1,1
online_learning,Qualitative comparative analysis (QCA),Analysis,0,0,583,0,0,0,0.00654599095404579,3,2265,0.00132450331125827,QCA,1,1,No clear difference,0,568,0,1068,0,0,1,1
online_learning,Spatial analysis / GIS,Analysis,4.0209087253719e-4,1,583,1,0.00171526586620926,3.0285073656875e-4,0.00965121572020758,13,2265,0.00573951434878587,Spatial / GIS,0.32535338455369966,0.450489301689738,No clear difference,0,568,1,1068,0,9.363295880149813e-4,1,1
online_learning,Conjoint / discrete choice,Analysis,4.0209087253719e-4,1,583,1,0.00171526586620926,3.0285073656875e-4,0.00965121572020758,13,2265,0.00573951434878587,Conjoint / choice models,0.32535338455369966,0.450489301689738,No clear difference,0,568,0,1068,0,0,1,1
higher_education,Scale development / psychometric validation,Measurement,0.00289519397799652,5,315,5,0.01587301587301587,0.00679856801606328,0.03661316058993694,61,2533,0.02408211606790367,Scale development,0.43274461791666186,0.6655939675474937,No clear difference,1,575,3,639,0.0017391304347826088,0.004694835680751174,0.626469324032921,0.9397039860493814
higher_education,Factor analysis (EFA/CFA),Measurement,0.00810654313839027,14,315,14,0.04444444444444444,0.02665644796752412,0.07320967042566298,90,2533,0.03553099091985787,Factor analysis,0.42483761916959645,0.6655939675474937,No clear difference,4,575,9,639,0.006956521739130435,0.014084507042253521,0.27301389111197044,0.7750486745544407
higher_education,IRT / Rasch / DIF,Measurement,0.00173711638679791,3,315,3,0.00952380952380952,0.00324413837166719,0.02762217028162483,43,2533,0.01697591788393209,IRT / Rasch,0.47530157401870154,0.6844342665869302,No clear difference,0,575,3,639,0,0.004694835680751174,0.2514678299748333,0.7750486745544407
higher_education,"Reliability (alpha, omega, ICC)",Measurement,0.02026635784597568,35,315,35,0.1111111111111111,0.08098420897652683,0.1506088189200963,492,2533,0.19423608369522305,Reliability,2.0941673445797564e-4,0.001256500406747854,Less common than elsewhere,3,575,28,639,0.0052173913043478265,0.04381846635367762,1.0445564660132626e-5,3.7604032776477453e-4
higher_education,t test,Analysis,0.01389693109438332,24,315,24,0.0761904761904762,0.05173160398108206,0.11086161417564602,650,2533,0.2566127121989735,t test,6.055110279189396e-15,2.1798397005081827e-13,Less common than elsewhere,5,575,16,639,0.008695652173913044,0.025039123630672927,0.044731275221239125,0.3518725010218324
higher_education,ANOVA / ANCOVA / MANOVA,Analysis,0.01389693109438332,24,315,24,0.0761904761904762,0.05173160398108206,0.11086161417564602,205,2533,0.08093170153967627,ANOVA family,0.8268873196727875,1,No clear difference,5,575,14,639,0.008695652173913044,0.02190923317683881,0.0684196529764674,0.3518725010218324
higher_education,Correlation,Analysis,0.0451650260567458,78,315,78,0.24761904761904763,0.20318485680254428,0.298134700077305,384,2533,0.1515988945913936,Correlation,3.2337491354339356e-5,2.3282993775124337e-4,More common than elsewhere,25,575,28,639,0.043478260869565216,0.04381846635367762,1,1
higher_education,Linear / multiple / hierarchical regression,Analysis,0.0335842501447597,58,315,58,0.18412698412698417,0.1452195451311797,0.23064581222158767,180,2533,0.07106198183971575,Linear regression,8.917450994577881e-10,1.6051411790240187e-8,More common than elsewhere,20,575,24,639,0.034782608695652174,0.03755868544600939,0.8781898222856548,1
higher_education,Logistic / ordinal / multinomial regression,Analysis,0.01389693109438332,24,315,24,0.0761904761904762,0.05173160398108206,0.11086161417564602,38,2533,0.01500197394393999,Logistic regression,9.229362558169221e-9,1.1075235069803065e-7,More common than elsewhere,10,575,12,639,0.017391304347826087,0.018779342723004695,1,1
higher_education,"Count models (Poisson, negative binomial)",Analysis,5.790387955993e-4,1,315,1,0.00317460317460317,0.00056061538730400005,0.01776027331327982,4,2533,0.00157915515199368,Count models,0.44372931169832913,0.6655939675474937,No clear difference,0,575,0,639,0,0,1,1
higher_education,Chi-square / nonparametric,Analysis,0.01042269832078749,18,315,18,0.05714285714285714,0.03644781980088453,0.08850913849771894,198,2533,0.07816818002368733,Chi-square / nonparametric,0.21421145420249155,0.4536242559582174,No clear difference,2,575,9,639,0.0034782608695652175,0.014084507042253521,0.06826401697694433,0.3518725010218324
higher_education,Mediation,Analysis,0.02026635784597568,35,315,35,0.1111111111111111,0.08098420897652683,0.1506088189200963,178,2533,0.0702724042637189,Mediation,0.012302195163046346,0.04920878065218538,More common than elsewhere,10,575,17,639,0.017391304347826087,0.026604068857589983,0.3318609860227833,0.7750486745544407
higher_education,Moderation / interactions,Analysis,0.01331789229878401,23,315,23,0.07301587301587302,0.04914404696717418,0.1071764612131998,108,2533,0.04263718910382945,Moderation,0.02155730494917458,0.07055117983366226,No clear difference,6,575,11,639,0.010434782608695653,0.017214397496087636,0.340478199162166,0.7750486745544407
higher_education,SEM / path analysis,Analysis,0.0231615518239722,40,315,40,0.12698412698412698,0.09465644149132556,0.16830013628706805,118,2533,0.04658507698381366,SEM / path analysis,1.6368954902982266e-7,1.473205941268404e-6,More common than elsewhere,9,575,24,639,0.01565217391304348,0.03755868544600939,0.02122745847309626,0.25472950167715513
higher_education,Multilevel / mixed-effects models,Analysis,0.00463231036479444,8,315,8,0.02539682539682539,0.01292396603888626,0.04930589249617624,60,2533,0.02368732727990525,Multilevel models,0.8442486899847719,1,No clear difference,3,575,1,639,0.0052173913043478265,0.001564945226917058,0.3501173605125619,0.7750486745544407
higher_education,Growth curve / trajectories,Analysis,0.00115807759119861,2,315,2,0.00634920634920634,0.00174291171532396,0.02285068696161396,21,2533,0.00829056454796683,Growth models,1,1,No clear difference,1,575,0,639,0.0017391304347826088,0,0.47364085667215816,0.7750486745544407
higher_education,Latent profile / class / mixture,Analysis,0.00463231036479444,8,315,8,0.02539682539682539,0.01292396603888626,0.04930589249617624,31,2533,0.01223845242795104,Latent profile / class,0.06917429579215725,0.1660183099011774,No clear difference,1,575,5,639,0.0017391304347826088,0.00782472613458529,0.2215040483910156,0.7750486745544407
higher_education,Cluster analysis,Analysis,0.00231615518239722,4,315,4,0.01269841269841269,0.00494894559084633,0.03219007303879978,6,2533,0.00236873272799052,Cluster analysis,0.01793689139516123,0.06457280902258043,No clear difference,3,575,1,639,0.0052173913043478265,0.001564945226917058,0.3501173605125619,0.7750486745544407
higher_education,Network analysis (psychometric networks),Analysis,5.790387955993e-4,1,315,1,0.00317460317460317,0.00056061538730400005,0.01776027331327982,15,2533,0.00592183181997631,Network analysis,1,1,No clear difference,0,575,1,639,0,0.001564945226917058,0.9999999999999999,1
higher_education,Machine learning / NLP,Analysis,0.00521134916039374,9,315,9,0.02857142857142857,0.01510293731684088,0.05339963119457572,68,2533,0.02684563758389261,Machine learning / NLP,0.8533647603130919,1,No clear difference,2,575,4,639,0.0034782608695652175,0.006259780907668232,0.6893385233825744,0.9882964835358183
higher_education,Bayesian,Analysis,5.790387955993e-4,1,315,1,0.00317460317460317,0.00056061538730400005,0.01776027331327982,11,2533,0.00434267666798262,Bayesian,1,1,No clear difference,1,575,0,639,0.0017391304347826088,0,0.47364085667215816,0.7750486745544407
higher_education,Survival / time-to-event,Analysis,0.00231615518239722,4,315,4,0.01269841269841269,0.00494894559084633,0.03219007303879978,8,2533,0.00315831030398736,Survival analysis,0.03537935422546004,0.09797359631665857,No clear difference,4,575,0,639,0.006956521739130435,0,0.05005000639071055,0.3518725010218324
higher_education,Missing data / multiple imputation,Analysis,5.790387955993e-4,1,315,1,0.00317460317460317,0.00056061538730400005,0.01776027331327982,3,2533,0.00118436636399526,Missing data methods,0.37444292703442006,0.6655939675474937,No clear difference,1,575,0,639,0.0017391304347826088,0,0.47364085667215816,0.7750486745544407
higher_education,Dyadic / APIM,Analysis,0.00173711638679791,3,315,3,0.00952380952380952,0.00324413837166719,0.02762217028162483,38,2533,0.01500197394393999,Dyadic (APIM),0.6168587677070461,0.8541121399020638,No clear difference,0,575,3,639,0,0.004694835680751174,0.2514678299748333,0.7750486745544407
higher_education,"Time series / dynamic models (VAR, DSEM)",Analysis,0.00231615518239722,4,315,4,0.01269841269841269,0.00494894559084633,0.03219007303879978,17,2533,0.00671140939597315,Time series,0.2805449568697863,0.5610899137395726,No clear difference,1,575,1,639,0.0017391304347826088,0.001564945226917058,1,1
higher_education,"Text analysis (LIWC, sentiment, topic models)",Analysis,5.790387955993e-4,1,315,1,0.00317460317460317,0.00056061538730400005,0.01776027331327982,13,2533,0.00513225424397947,Text analysis,0.9999999999999999,1,No clear difference,1,575,0,639,0.0017391304347826088,0,0.47364085667215816,0.7750486745544407
higher_education,Power analysis reported,Analysis,0,0,315,0,0,0,0.01204817872422973,0,2533,0,Power analysis,1,1,No clear difference,0,575,0,639,0,0,1,1
higher_education,Panel data / fixed effects,Analysis,0.00694846554719166,12,315,12,0.0380952380952381,0.02192411648032439,0.06539658196015452,26,2533,0.01026450848795894,Panel data / fixed effects,5.125299099646344e-4,0.002306384594840855,More common than elsewhere,4,575,3,639,0.006956521739130435,0.004694835680751174,0.7137696825536466,0.9882964835358183
higher_education,"Causal designs (DiD, RDD, IV, synthetic control)",Analysis,0.00926462072958888,16,315,16,0.05079365079365079,0.03150399256128598,0.08090754578460932,43,2533,0.01697591788393209,"DiD, RDD, IV",4.382767725101981e-4,0.0022539948300524474,More common than elsewhere,5,575,8,639,0.008695652173913044,0.012519561815336464,0.5859992687651184,0.9172162467627941
higher_education,Propensity scores / matching,Analysis,0.00231615518239722,4,315,4,0.01269841269841269,0.00494894559084633,0.03219007303879978,9,2533,0.00355309909198578,Propensity scores,0.04677637074094535,0.12028209619100234,No clear difference,1,575,0,639,0.0017391304347826088,0,0.47364085667215816,0.7750486745544407
higher_education,PLS-SEM,Analysis,0.00521134916039374,9,315,9,0.02857142857142857,0.01510293731684088,0.05339963119457572,53,2533,0.0209238057639163,PLS-SEM,0.4092086636024605,0.6655939675474937,No clear difference,0,575,7,639,0,0.010954616588419406,0.016264997048362893,0.25472950167715513
higher_education,"Econometric time series (ARDL, GARCH, VECM)",Analysis,5.790387955993e-4,1,315,1,0.00317460317460317,0.00056061538730400005,0.01776027331327982,1,2533,3.9478878799842e-4,Econometric time series,0.20900918767241683,0.4536242559582174,No clear difference,0,575,1,639,0,0.001564945226917058,0.9999999999999999,1
higher_education,"Efficiency analysis (DEA, stochastic frontier)",Analysis,0.00115807759119861,2,315,2,0.00634920634920634,0.00174291171532396,0.02285068696161396,1,2533,3.9478878799842e-4,Efficiency analysis (DEA),0.033912837789641936,0.09797359631665857,No clear difference,1,575,0,639,0.0017391304347826088,0,0.47364085667215816,0.7750486745544407
higher_education,Qualitative comparative analysis (QCA),Analysis,5.790387955993e-4,1,315,1,0.00317460317460317,0.00056061538730400005,0.01776027331327982,2,2533,7.8957757599684e-4,QCA,0.2965573626138043,0.5618981607419449,No clear difference,1,575,0,639,0.0017391304347826088,0,0.47364085667215816,0.7750486745544407
higher_education,Spatial analysis / GIS,Analysis,0.00115807759119861,2,315,2,0.00634920634920634,0.00174291171532396,0.02285068696161396,12,2533,0.00473746545598105,Spatial / GIS,0.6622157321737415,0.8829543095649887,No clear difference,1,575,1,639,0.0017391304347826088,0.001564945226917058,1,1
higher_education,Conjoint / discrete choice,Analysis,5.790387955993e-4,1,315,1,0.00317460317460317,0.00056061538730400005,0.01776027331327982,13,2533,0.00513225424397947,Conjoint / choice models,0.9999999999999999,1,No clear difference,0,575,0,639,0,0,1,1
leadership_policy,Scale development / psychometric validation,Measurement,0.00259355316783994,7,459,7,0.01525054466230936,0.00740657197069003,0.03114109600274395,59,2389,0.0246965257429887,Scale development,0.30742760215392023,0.4611414032308804,No clear difference,3,858,4,967,0.0034965034965034965,0.004136504653567736,1,1
leadership_policy,Factor analysis (EFA/CFA),Measurement,0.00481659874027417,13,459,13,0.02832244008714597,0.01662517349465828,0.04784929893791905,91,2389,0.03809125156969443,Factor analysis,0.34411495005157333,0.4955255280742656,No clear difference,3,858,7,967,0.0034965034965034965,0.007238883143743537,0.35117797180513904,0.8221299506468788
leadership_policy,IRT / Rasch / DIF,Measurement,0.00222304557243423,6,459,6,0.0130718954248366,0.00600436658190078,0.02822216731500931,40,2389,0.01674340728338216,IRT / Rasch,0.6886151224562116,0.8548325658077109,No clear difference,4,858,2,967,0.004662004662004662,0.002068252326783868,0.4287751774454102,0.8221299506468788
leadership_policy,"Reliability (alpha, omega, ICC)",Measurement,0.02223045572434235,60,459,60,0.13071895424836602,0.10292121384408824,0.16464656018511206,467,2389,0.1954792800334868,Reliability,8.09316083398187e-4,0.0029135379002334736,Less common than elsewhere,8,858,36,967,0.009324009324009324,0.03722854188210962,8.795970123561538e-5,0.0010555164148273845
leadership_policy,t test,Analysis,0.00629862912189699,17,459,17,0.03703703703703703,0.02325064015771625,0.05850836858095665,657,2389,0.2750104646295521,t test,1.9653516891695272e-36,7.075266081010298e-35,Less common than elsewhere,5,858,9,967,0.005827505827505828,0.009307135470527405,0.43390191839696385,0.8221299506468788
leadership_policy,ANOVA / ANCOVA / MANOVA,Analysis,0.01000370507595405,27,459,27,0.0588235294117647,0.04073872128690525,0.08423162821700657,202,2389,0.08455420678107994,ANOVA family,0.07434446692802897,0.1574353417299437,No clear difference,9,858,8,967,0.01048951048951049,0.008273009307135471,0.6352691579218566,1
leadership_policy,Correlation,Analysis,0.0381622823267877,103,459,103,0.22440087145969495,0.18861256087622288,0.26476397844350474,359,2389,0.15027208036835496,Correlation,1.3700730695579704e-4,8.220438417347823e-4,More common than elsewhere,38,858,34,967,0.04428904428904429,0.03516028955532575,0.3367647552636078,0.8221299506468788
leadership_policy,Linear / multiple / hierarchical regression,Analysis,0.0255650240829937,69,459,69,0.1503267973856209,0.12054052187380884,0.1859174588441065,169,2389,0.07074089577228966,Linear regression,1.631349601696379e-7,1.957619522035655e-6,More common than elsewhere,20,858,31,967,0.023310023310023312,0.03205791106514995,0.3193167624520765,0.8221299506468788
leadership_policy,Logistic / ordinal / multinomial regression,Analysis,0.00518710633567988,14,459,14,0.03050108932461873,0.01825426604683776,0.05054134046226347,48,2389,0.0200920887400586,Logistic regression,0.16311610232469326,0.3090620886152083,No clear difference,6,858,5,967,0.006993006993006993,0.005170630816959669,0.7644738756713075,1
leadership_policy,"Count models (Poisson, negative binomial)",Analysis,3.705075954057e-4,1,459,1,0.00217864923747276,3.8468866187279e-4,0.01223617485241784,4,2389,0.00167434072833821,Count models,0.5849623424508319,0.7799497899344425,No clear difference,1,858,0,967,0.0011655011655011655,0,0.47013698630136974,0.8462465753424655
leadership_policy,Chi-square / nonparametric,Analysis,0.00703964431270841,19,459,19,0.04139433551198257,0.02665803304013528,0.06374324385158542,197,2389,0.08246128087065718,Chi-square / nonparametric,0.0014560236621466746,0.004368070986440023,Less common than elsewhere,6,858,7,967,0.006993006993006993,0.007238883143743537,1,1
leadership_policy,Mediation,Analysis,0.02297147091515376,62,459,62,0.13507625272331156,0.10681866152577484,0.16939138065647324,151,2389,0.06320636249476769,Mediation,8.5340607952360155e-07,7.680654715712413e-6,More common than elsewhere,11,858,37,967,0.01282051282051282,0.038262668045501554,6.404380040548472e-4,0.005763942036493624
leadership_policy,Moderation / interactions,Analysis,0.01000370507595405,27,459,27,0.0588235294117647,0.04073872128690525,0.08423162821700657,104,2389,0.04353285893679363,Moderation,0.17957231245568595,0.3232301624202347,No clear difference,6,858,15,967,0.006993006993006993,0.015511892450879007,0.12242644237293324,0.5509189906781996
leadership_policy,SEM / path analysis,Analysis,0.0129677658391997,35,459,35,0.07625272331154684,0.05533638172038759,0.10420304039571536,123,2389,0.05148597739640016,SEM / path analysis,0.044204095835847085,0.09945921563065593,No clear difference,1,858,32,967,0.0011655011655011655,0.033092037228541885,2.735661835121155e-8,9.848382606436158e-7
leadership_policy,Multilevel / mixed-effects models,Analysis,0.00852167469433123,23,459,23,0.05010893246187364,0.03361932354279451,0.07406648965502176,45,2389,0.01883633319380493,Multilevel models,2.993743761642965e-4,0.0015396396488449537,More common than elsewhere,12,858,6,967,0.013986013986013986,0.0062047569803516025,0.10209437821859574,0.5250568022670639
leadership_policy,Growth curve / trajectories,Analysis,0.00185253797702852,5,459,5,0.01089324618736383,0.00466167025598287,0.02524372956440333,18,2389,0.00753453327752197,Growth models,0.4022205066373041,0.5569207014978056,No clear difference,2,858,3,967,0.002331002331002331,0.0031023784901758012,1,1
leadership_policy,Latent profile / class / mixture,Analysis,0.00111152278621711,3,459,3,0.0065359477124183,0.00222525079663432,0.0190378808707041,36,2389,0.01506906655504395,Latent profile / class,0.18919797686585782,0.3243393889128991,No clear difference,0,858,3,967,0,0.0031023784901758012,0.25226568132660415,0.8221299506468788
leadership_policy,Cluster analysis,Analysis,7.4101519081141e-4,2,459,2,0.00435729847494553,0.00119574280883754,0.01574625478197699,8,2389,0.00334868145667643,Cluster analysis,0.6683532580555687,0.8548325658077109,No clear difference,0,858,0,967,0,0,1,1
leadership_policy,Network analysis (psychometric networks),Analysis,0.00185253797702852,5,459,5,0.01089324618736383,0.00466167025598287,0.02524372956440333,11,2389,0.00460443700293009,Network analysis,0.1602995116786821,0.3090620886152083,No clear difference,3,858,2,967,0.0034965034965034965,0.002068252326783868,0.6707950674321238,1
leadership_policy,Machine learning / NLP,Analysis,0.00592812152649129,16,459,16,0.03485838779956427,0.02156860295938891,0.05586927170276011,61,2389,0.0255336961071578,Machine learning / NLP,0.2704550656979068,0.42332097239672367,No clear difference,2,858,9,967,0.002331002331002331,0.009307135470527405,0.06981247355862213,0.4188748413517328
leadership_policy,Bayesian,Analysis,0.00222304557243423,6,459,6,0.0130718954248366,0.00600436658190078,0.02822216731500931,6,2389,0.00251151109250732,Bayesian,0.0065731244998629606,0.015775498799671106,More common than elsewhere,1,858,4,967,0.0011655011655011655,0.004136504653567736,0.3787749407190645,0.8221299506468788
leadership_policy,Survival / time-to-event,Analysis,0.00259355316783994,7,459,7,0.01525054466230936,0.00740657197069003,0.03114109600274395,5,2389,0.00209292591042277,Survival analysis,0.0010209314919155206,0.0033412303371780673,More common than elsewhere,4,858,2,967,0.004662004662004662,0.002068252326783868,0.4287751774454102,0.8221299506468788
leadership_policy,Missing data / multiple imputation,Analysis,0,0,459,0,0,0,0.00829972943776674,4,2389,0.00167434072833821,Missing data methods,1,1,No clear difference,0,858,0,967,0,0,1,1
leadership_policy,Dyadic / APIM,Analysis,0.00259355316783994,7,459,7,0.01525054466230936,0.00740657197069003,0.03114109600274395,34,2389,0.01423189619087484,Dyadic (APIM),0.8310078006199684,0.9650413168489956,No clear difference,1,858,4,967,0.0011655011655011655,0.004136504653567736,0.3787749407190645,0.8221299506468788
leadership_policy,"Time series / dynamic models (VAR, DSEM)",Analysis,0.00148203038162282,4,459,4,0.00871459694989106,0.00339400647746025,0.02219025926640206,17,2389,0.00711594809543742,Time series,0.763835111693982,0.9166021340327783,No clear difference,3,858,1,967,0.0034965034965034965,0.001034126163391934,0.34745997857094735,0.8221299506468788
leadership_policy,"Text analysis (LIWC, sentiment, topic models)",Analysis,0.00148203038162282,4,459,4,0.00871459694989106,0.00339400647746025,0.02219025926640206,10,2389,0.00418585182084554,Text analysis,0.2619443095555135,0.42332097239672367,No clear difference,1,858,1,967,0.0011655011655011655,0.001034126163391934,1,1
leadership_policy,Power analysis reported,Analysis,0,0,459,0,0,0,0.00829972943776674,0,2389,0,Power analysis,1,1,No clear difference,0,858,0,967,0,0,1,1
leadership_policy,Panel data / fixed effects,Analysis,0.0066691367173027,18,459,18,0.0392156862745098,0.02494748723297928,0.06113265558221752,20,2389,0.00837170364169108,Panel data / fixed effects,5.612762173187646e-6,4.0411887646951056e-5,More common than elsewhere,6,858,5,967,0.006993006993006993,0.005170630816959669,0.7644738756713075,1
leadership_policy,"Causal designs (DiD, RDD, IV, synthetic control)",Analysis,0.01259725824379399,34,459,34,0.07407407407407407,0.05348962621530151,0.10172866182427756,25,2389,0.01046462955211385,"DiD, RDD, IV",2.2039507806757667e-13,3.96711140521638e-12,More common than elsewhere,6,858,20,967,0.006993006993006993,0.020682523267838676,0.016434494786779844,0.11832836246481487
leadership_policy,Propensity scores / matching,Analysis,0.00259355316783994,7,459,7,0.01525054466230936,0.00740657197069003,0.03114109600274395,6,2389,0.00251151109250732,Propensity scores,0.0019077944794332212,0.005283123173815074,More common than elsewhere,2,858,2,967,0.002331002331002331,0.002068252326783868,1,1
leadership_policy,PLS-SEM,Analysis,0.00778065950351982,21,459,21,0.0457516339869281,0.03011643731156265,0.06892710773320583,41,2389,0.01716199246546672,PLS-SEM,6.183461570250325e-4,0.00247338462810013,More common than elsewhere,0,858,17,967,0,0.017580144777662874,2.1594644384456347e-5,3.8870359892021427e-4
leadership_policy,"Econometric time series (ARDL, GARCH, VECM)",Analysis,0,0,459,0,0,0,0.00829972943776674,2,2389,8.371703641691e-4,Econometric time series,1,1,No clear difference,0,858,0,967,0,0,1,1
leadership_policy,"Efficiency analysis (DEA, stochastic frontier)",Analysis,0,0,459,0,0,0,0.00829972943776674,3,2389,0.00125575554625366,Efficiency analysis (DEA),1,1,No clear difference,0,858,0,967,0,0,1,1
leadership_policy,Qualitative comparative analysis (QCA),Analysis,0,0,459,0,0,0,0.00829972943776674,3,2389,0.00125575554625366,QCA,1,1,No clear difference,0,858,0,967,0,0,1,1
leadership_policy,Spatial analysis / GIS,Analysis,0.00259355316783994,7,459,7,0.01525054466230936,0.00740657197069003,0.03114109600274395,7,2389,0.00293009627459187,Spatial / GIS,0.0032922302814141088,0.008465735009350566,More common than elsewhere,1,858,2,967,0.0011655011655011655,0.002068252326783868,1,1
leadership_policy,Conjoint / discrete choice,Analysis,0.00296406076324564,8,459,8,0.01742919389978213,0.00885751696918616,0.03401128508077172,6,2389,0.00251151109250732,Conjoint / choice models,5.233586774523285e-4,0.0023551140485354783,More common than elsewhere,3,858,1,967,0.0034965034965034965,0.001034126163391934,0.34745997857094735,0.8221299506468788
early_inclusive,Scale development / psychometric validation,Measurement,0.01339285714285714,27,471,27,0.05732484076433121,0.03969293321532832,0.08211921650211154,39,2377,0.01640723601177955,Scale development,1.660124977958863e-6,9.960749867753177e-6,More common than elsewhere,9,544,10,838,0.016544117647058824,0.011933174224343675,0.48613734572209466,1
early_inclusive,Factor analysis (EFA/CFA),Measurement,0.01289682539682539,26,471,26,0.05520169851380042,0.03794639710790766,0.07965382047388445,78,2377,0.03281447202355911,Factor analysis,0.022125620045709428,0.061270947818887644,No clear difference,8,544,8,838,0.014705882352941176,0.00954653937947494,0.44338630348982694,1
early_inclusive,IRT / Rasch / DIF,Measurement,0.00148809523809523,3,471,3,0.00636942675159235,0.00216849581948289,0.01855728264241049,43,2377,0.01809002944888515,IRT / Rasch,0.07115210395443708,0.16009223389748342,No clear difference,0,544,1,838,0,0.0011933174224343676,1,1
early_inclusive,"Reliability (alpha, omega, ICC)",Measurement,0.02926587301587301,59,471,59,0.12526539278131635,0.09836970949361604,0.15822426856455246,468,2377,0.19688683214135463,Reliability,2.0389733062078582e-4,9.175379877935362e-4,Less common than elsewhere,8,544,28,838,0.014705882352941176,0.03341288782816229,0.03745210530385014,0.6741378954693025
early_inclusive,t test,Analysis,0.0302579365079365,61,471,61,0.12951167728237792,0.10216036064073356,0.16285748168873052,613,2377,0.2578880942364325,t test,3.544632158174311e-10,6.3803378847137594e-9,Less common than elsewhere,7,544,36,838,0.012867647058823529,0.04295942720763723,0.0013104910427276305,0.0471776775381947
early_inclusive,ANOVA / ANCOVA / MANOVA,Analysis,0.01587301587301587,32,471,32,0.06794055201698514,0.04853366422078922,0.0943381461748895,197,2377,0.08287757677745057,ANOVA family,0.30795355971176275,0.482014267374933,No clear difference,9,544,14,838,0.016544117647058824,0.016706443914081145,1,1
early_inclusive,Correlation,Analysis,0.05059523809523809,102,471,102,0.2165605095541401,0.18173451965508813,0.2559725402359346,360,2377,0.15145140933950357,Correlation,7.715055267619876e-4,0.0030860221070479503,More common than elsewhere,31,544,41,838,0.05698529411764706,0.04892601431980907,0.536665095975982,1
early_inclusive,Linear / multiple / hierarchical regression,Analysis,0.02728174603174603,55,471,55,0.1167728237791932,0.09082165680118393,0.1489245927143935,183,2377,0.07698779974758098,Linear regression,0.006095896043546114,0.019950205233423647,More common than elsewhere,17,544,20,838,0.03125,0.02386634844868735,0.40034876764565386,1
early_inclusive,Logistic / ordinal / multinomial regression,Analysis,0.00892857142857142,18,471,18,0.03821656050955414,0.02430833948148226,0.05959642101512767,44,2377,0.01851072780816155,Logistic regression,0.013976831458203248,0.041930494374609745,More common than elsewhere,6,544,6,838,0.011029411764705883,0.007159904534606206,0.5555032498319666,1
early_inclusive,"Count models (Poisson, negative binomial)",Analysis,9.9206349206349e-4,2,471,2,0.00424628450106157,0.00116525777517692,0.01534858855106869,3,2377,0.00126209507782919,Count models,0.19365071750654872,0.34857129151178773,No clear difference,0,544,1,838,0,0.0011933174224343676,1,1
early_inclusive,Chi-square / nonparametric,Analysis,0.01686507936507936,34,471,34,0.07218683651804671,0.05211461968874482,0.09918105497822942,182,2377,0.07656710138830458,Chi-square / nonparametric,0.8488360909597557,1,No clear difference,7,544,18,838,0.012867647058823529,0.021479713603818614,0.30346312392266395,1
early_inclusive,Mediation,Analysis,0.02926587301587301,59,471,59,0.12526539278131635,0.09836970949361604,0.15822426856455246,154,2377,0.06478754732856541,Mediation,1.992763041568234e-5,1.0248495642350919e-4,More common than elsewhere,20,544,28,838,0.03676470588235294,0.03341288782816229,0.7648252320307766,1
early_inclusive,Moderation / interactions,Analysis,0.0248015873015873,50,471,50,0.10615711252653928,0.08145436843764388,0.13723222039969474,81,2377,0.0340765671013883,Moderation,9.03223388713644e-10,1.0838680664563728e-8,More common than elsewhere,13,544,19,838,0.02389705882352941,0.022673031026252982,0.8573471878020317,1
early_inclusive,SEM / path analysis,Analysis,0.01587301587301587,32,471,32,0.06794055201698514,0.04853366422078922,0.0943381461748895,126,2377,0.05300799326882625,SEM / path analysis,0.22462725765877714,0.3850752988436179,No clear difference,11,544,12,838,0.02022058823529412,0.014319809069212411,0.3992088115492128,1
early_inclusive,Multilevel / mixed-effects models,Analysis,0.00892857142857142,18,471,18,0.03821656050955414,0.02430833948148226,0.05959642101512767,50,2377,0.02103491796381994,Multilevel models,0.03149577039622148,0.08098912387599809,No clear difference,6,544,6,838,0.011029411764705883,0.007159904534606206,0.5555032498319666,1
early_inclusive,Growth curve / trajectories,Analysis,0.00744047619047619,15,471,15,0.03184713375796178,0.01939312850432423,0.05187583558534239,8,2377,0.00336558687421119,Growth models,2.0817532253572274e-7,1.8735779028215047e-6,More common than elsewhere,5,544,5,838,0.009191176470588236,0.0059665871121718375,0.5274357948099401,1
early_inclusive,Latent profile / class / mixture,Analysis,0.00992063492063492,20,471,20,0.04246284501061571,0.02765384174783049,0.06467478302007498,19,2377,0.00799326882625157,Latent profile / class,5.029601609227091e-7,3.6213131586435054e-6,More common than elsewhere,6,544,9,838,0.011029411764705883,0.010739856801909307,1,1
early_inclusive,Cluster analysis,Analysis,4.9603174603174e-4,1,471,1,0.00212314225053078,3.7488510376115e-4,0.01192702908683669,9,2377,0.00378628523348758,Cluster analysis,1,1,No clear difference,0,544,1,838,0,0.0011933174224343676,1,1
early_inclusive,Network analysis (psychometric networks),Analysis,0.00148809523809523,3,471,3,0.00636942675159235,0.00216849581948289,0.01855728264241049,13,2377,0.00546907867059318,Network analysis,0.7383365232637271,0.9844486976849695,No clear difference,0,544,2,838,0,0.002386634844868735,0.5222824543552093,1
early_inclusive,Machine learning / NLP,Analysis,0.00198412698412698,4,471,4,0.00849256900212314,0.00330740869503042,0.02163030190251073,73,2377,0.03071098022717711,Machine learning / NLP,0.0045373393729485735,0.016334421742614864,Less common than elsewhere,1,544,1,838,0.001838235294117647,0.0011933174224343676,0.9999999999999999,1
early_inclusive,Bayesian,Analysis,9.9206349206349e-4,2,471,2,0.00424628450106157,0.00116525777517692,0.01534858855106869,10,2377,0.00420698359276398,Bayesian,1,1,No clear difference,1,544,1,838,0.001838235294117647,0.0011933174224343676,0.9999999999999999,1
early_inclusive,Survival / time-to-event,Analysis,0,0,471,0,0,0,0.00808998205495007,12,2377,0.00504838031131678,Survival analysis,0.23573858059875186,0.3857540409797758,No clear difference,0,544,0,838,0,0,1,1
early_inclusive,Missing data / multiple imputation,Analysis,9.9206349206349e-4,2,471,2,0.00424628450106157,0.00116525777517692,0.01534858855106869,2,2377,8.4139671855279e-4,Missing data methods,0.13003802506090037,0.26007605012180074,No clear difference,1,544,0,838,0.001838235294117647,0,0.39363241678726485,1
early_inclusive,Dyadic / APIM,Analysis,0.01488095238095238,30,471,30,0.06369426751592357,0.04497709527758335,0.08947085084679984,11,2377,0.00462768195204038,Dyadic (APIM),8.427465334759551e-16,3.033887520513439e-14,More common than elsewhere,9,544,12,838,0.016544117647058824,0.014319809069212411,0.8229580944242313,1
early_inclusive,"Time series / dynamic models (VAR, DSEM)",Analysis,0.00347222222222222,7,471,7,0.01486199575371549,0.00721739328433311,0.03035611372015136,14,2377,0.00588977702986958,Time series,0.06768970155890372,0.16009223389748342,No clear difference,3,544,1,838,0.0055147058823529415,0.0011933174224343676,0.3064163895223483,1
early_inclusive,"Text analysis (LIWC, sentiment, topic models)",Analysis,9.9206349206349e-4,2,471,2,0.00424628450106157,0.00116525777517692,0.01534858855106869,12,2377,0.00504838031131678,Text analysis,1,1,No clear difference,1,544,0,838,0.001838235294117647,0,0.39363241678726485,1
early_inclusive,Power analysis reported,Analysis,0,0,471,0,0,0,0.00808998205495007,0,2377,0,Power analysis,1,1,No clear difference,0,544,0,838,0,0,1,1
early_inclusive,Panel data / fixed effects,Analysis,0.00198412698412698,4,471,4,0.00849256900212314,0.00330740869503042,0.02163030190251073,34,2377,0.01430374421539756,Panel data / fixed effects,0.38585699039435406,0.5787854855915311,No clear difference,1,544,2,838,0.001838235294117647,0.002386634844868735,1,1
early_inclusive,"Causal designs (DiD, RDD, IV, synthetic control)",Analysis,0.00248015873015873,5,471,5,0.01061571125265392,0.00454268403456936,0.02460695869861956,54,2377,0.02271771140092553,"DiD, RDD, IV",0.10995590530403754,0.2328477994673736,No clear difference,2,544,1,838,0.003676470588235294,0.0011933174224343676,0.565380885103598,1
early_inclusive,Propensity scores / matching,Analysis,9.9206349206349e-4,2,471,2,0.00424628450106157,0.00116525777517692,0.01534858855106869,11,2377,0.00462768195204038,Propensity scores,1,1,No clear difference,2,544,0,838,0.003676470588235294,0,0.1547736439648695,1
early_inclusive,PLS-SEM,Analysis,0.00446428571428571,9,471,9,0.01910828025477707,0.01008485458001949,0.03591251669576052,53,2377,0.02229701304164913,PLS-SEM,0.8624761383529262,1,No clear difference,5,544,2,838,0.009191176470588236,0.002386634844868735,0.11951758210301412,1
early_inclusive,"Econometric time series (ARDL, GARCH, VECM)",Analysis,0,0,471,0,0,0,0.00808998205495007,2,2377,8.4139671855279e-4,Econometric time series,1,1,No clear difference,0,544,0,838,0,0,1,1
early_inclusive,"Efficiency analysis (DEA, stochastic frontier)",Analysis,0,0,471,0,0,0,0.00808998205495007,3,2377,0.00126209507782919,Efficiency analysis (DEA),1,1,No clear difference,0,544,0,838,0,0,1,1
early_inclusive,Qualitative comparative analysis (QCA),Analysis,4.9603174603174e-4,1,471,1,0.00212314225053078,3.7488510376115e-4,0.01192702908683669,2,2377,8.4139671855279e-4,QCA,0.41873137184083176,0.6029731754507978,No clear difference,0,544,1,838,0,0.0011933174224343676,1,1
early_inclusive,Spatial analysis / GIS,Analysis,0,0,471,0,0,0,0.00808998205495007,14,2377,0.00588977702986958,Spatial / GIS,0.14566948933818552,0.2760053482197199,No clear difference,0,544,0,838,0,0,1,1
early_inclusive,Conjoint / discrete choice,Analysis,0.00148809523809523,3,471,3,0.00636942675159235,0.00216849581948289,0.01855728264241049,11,2377,0.00462768195204038,Conjoint / choice models,0.7150484281242374,0.9844486976849695,No clear difference,1,544,1,838,0.001838235294117647,0.0011933174224343676,0.9999999999999999,1
all,Scale development / psychometric validation,Measurement,0.00429714776816887,80,3417,80,0.02341235001463271,0.01885224963981461,0.02904282554875505,NA,NA,NA,Scale development,NA,NA,No clear difference,30,4707,30,7556,0.006373486297004461,0.003970354685018529,0.08268446518272568,0.22897236512139418
all,Factor analysis (EFA/CFA),Measurement,0.00666057904066176,124,3417,124,0.03628914252268071,0.03052150854307015,0.04309823148535394,NA,NA,NA,Factor analysis,NA,NA,No clear difference,29,4707,66,7556,0.00616103675377098,0.008734780307040762,0.13772456662137683,0.3305389598913044
all,IRT / Rasch / DIF,Measurement,0.00284686039641188,53,3417,53,0.01551068188469417,0.01187818034395147,0.0202313050565257,NA,NA,NA,IRT / Rasch,NA,NA,No clear difference,14,4707,31,7556,0.0029742936052687486,0.004102699841185812,0.35902490161573986,0.5619520199202885
all,"Reliability (alpha, omega, ICC)",Measurement,0.03308803781490036,616,3417,616,0.18027509511267192,0.16774712244421408,0.1935211426116731,NA,NA,NA,Reliability,NA,NA,No clear difference,68,4707,383,7556,0.014446568939876779,0.050688194812069876,2.4435583140054507e-28,4.398404965209811e-27
all,t test,Analysis,0.04361604984691411,812,3417,812,0.2376353526485221,0.22366368350185156,0.25219627038611453,NA,NA,NA,t test,NA,NA,No clear difference,84,4707,450,7556,0.017845761631612493,0.05955532027527793,1.991675372592193e-31,7.170031341331895e-30
all,ANOVA / ANCOVA / MANOVA,Analysis,0.01428801632916152,266,3417,266,0.07784606379865379,0.06932916211971354,0.0873110871646044,NA,NA,NA,ANOVA family,NA,NA,No clear difference,63,4707,117,7556,0.01338432122370937,0.01548438327157226,0.35558335256672147,0.5619520199202885
all,Correlation,Analysis,0.02846860396411881,530,3417,530,0.15510681884694175,0.14335690002433665,0.1676313382991079,NA,NA,NA,Correlation,NA,NA,No clear difference,161,4707,206,7556,0.03420437646059061,0.02726310217046056,0.029323488456763146,0.11198655685471472
all,Linear / multiple / hierarchical regression,Analysis,0.01450287371756996,270,3417,270,0.07901668129938542,0.07043710681231136,0.0885417483665388,NA,NA,NA,Linear regression,NA,NA,No clear difference,83,4707,109,7556,0.01763331208837901,0.014425622022233986,0.17816080077969979,0.4008618017543245
all,Logistic / ordinal / multinomial regression,Analysis,0.00408229037976043,76,3417,76,0.02224173251390108,0.01780743698474429,0.02774903230929314,NA,NA,NA,Logistic regression,NA,NA,No clear difference,31,4707,28,7556,0.006585935840237944,0.0037056643726839597,0.031107376904087422,0.11198655685471472
all,"Count models (Poisson, negative binomial)",Analysis,3.7600042971477e-4,7,3417,7,0.00204858062628036,9.9269344986763e-4,0.004222824163489,NA,NA,NA,Count models,NA,NA,No clear difference,2,4707,1,7556,4.248990864669641e-4,1.3234515616728428e-4,0.5627720280284583,0.7409329470153625
all,Chi-square / nonparametric,Analysis,0.01396573024654885,260,3417,260,0.07609013754755634,0.06766836226900311,0.0854639781735165,NA,NA,NA,Chi-square / nonparametric,NA,NA,No clear difference,41,4707,143,7556,0.008710431272572764,0.01892535733192165,3.747067582267058e-6,4.49648109872047e-5
all,Mediation,Analysis,0.01396573024654885,260,3417,260,0.07609013754755634,0.06766836226900311,0.0854639781735165,NA,NA,NA,Mediation,NA,NA,No clear difference,66,4707,121,7556,0.014021669853409816,0.016013763896241397,0.40514308596170534,0.607714628942558
all,Moderation / interactions,Analysis,0.00870172423054197,162,3417,162,0.04741000877963126,0.0407786652997322,0.055057830726748,NA,NA,NA,Moderation,NA,NA,No clear difference,41,4707,74,7556,0.008710431272572764,0.009793541556379036,0.5649408466879848,0.7409329470153625
all,SEM / path analysis,Analysis,0.0103131546436053,192,3417,192,0.05618964003511852,0.04895487953177033,0.06442116070370152,NA,NA,NA,SEM / path analysis,NA,NA,No clear difference,32,4707,117,7556,0.006798385383471425,0.01548438327157226,1.2664192932494495e-5,1.1397773639245046e-4
all,Multilevel / mixed-effects models,Analysis,0.00445829080947521,83,3417,83,0.02429031314018144,0.01963801412168837,0.03001101548778045,NA,NA,NA,Multilevel models,NA,NA,No clear difference,33,4707,28,7556,0.007010834926704908,0.0037056643726839597,0.01674129673552021,0.07879655991798555
all,Growth curve / trajectories,Analysis,0.0015040017188591,28,3417,28,0.00819432250512145,0.00567552768032963,0.01181767087932115,NA,NA,NA,Growth models,NA,NA,No clear difference,10,4707,9,7556,0.0021244954323348204,0.0011911064055055585,0.23930963795653648,0.46626200164591686
all,Latent profile / class / mixture,Analysis,0.00230971692539077,43,3417,43,0.01258413813286508,0.00935614341442474,0.01690682724972187,NA,NA,NA,Latent profile / class,NA,NA,No clear difference,11,4707,23,7556,0.0023369449755683024,0.0030439385918475384,0.5968626517623753,0.7409329470153625
all,Cluster analysis,Analysis,6.9828651232744e-4,13,3417,13,0.00380450687737781,0.00222477062431572,0.00649865583083924,NA,NA,NA,Cluster analysis,NA,NA,No clear difference,4,4707,5,7556,8.497981729339282e-4,6.617257808364214e-4,0.7399666500457504,0.8593161097305488
all,Network analysis (psychometric networks),Analysis,0.00123542998334855,23,3417,23,0.0067310506292069,0.00448950428723632,0.01008043690424919,NA,NA,NA,Network analysis,NA,NA,No clear difference,7,4707,11,7556,0.0014871468026343743,0.001455796717840127,1,1
all,Machine learning / NLP,Analysis,0.00521029166890476,97,3417,97,0.02838747439274217,0.02332659528493685,0.03450755495539474,NA,NA,NA,Machine learning / NLP,NA,NA,No clear difference,19,4707,57,7556,0.004036541321436159,0.007543673901535204,0.017510346648441234,0.07879655991798555
all,Bayesian,Analysis,8.0571520653166e-4,15,3417,15,0.00438981562774363,0.00266214001012854,0.00723058939229253,NA,NA,NA,Bayesian,NA,NA,No clear difference,6,4707,7,7556,0.0012746972594008922,9.264160931709899e-4,0.578357663474613,0.7409329470153625
all,Survival / time-to-event,Analysis,8.0571520653166e-4,15,3417,15,0.00438981562774363,0.00266214001012854,0.00723058939229253,NA,NA,NA,Survival analysis,NA,NA,No clear difference,9,4707,5,7556,0.0019120458891013384,6.617257808364214e-4,0.05575571835801232,0.16726715507403694
all,Missing data / multiple imputation,Analysis,3.2228608261266e-4,6,3417,6,0.00175592625109745,8.0499747370937e-4,0.0038258686660142,NA,NA,NA,Missing data methods,NA,NA,No clear difference,5,4707,0,7556,0.0010622477161674102,0,0.00832086724277456,0.04992520345664736
all,Dyadic / APIM,Analysis,0.00263200300800343,49,3417,49,0.01434006438396254,0.01086427174174777,0.01890660776419718,NA,NA,NA,Dyadic (APIM),NA,NA,No clear difference,14,4707,23,7556,0.0029742936052687486,0.0030439385918475384,1,1
all,"Time series / dynamic models (VAR, DSEM)",Analysis,0.00134285867755277,25,3417,25,0.00731635937957272,0.0049606793312656,0.01077856480748602,NA,NA,NA,Time series,NA,NA,No clear difference,9,4707,4,7556,0.0019120458891013384,5.293806246691371e-4,0.04084269670073229,0.13366700738421478
all,"Text analysis (LIWC, sentiment, topic models)",Analysis,0.00112800128914433,21,3417,21,0.00614574187884108,0.00402327833893805,0.00937735990528135,NA,NA,NA,Text analysis,NA,NA,No clear difference,9,4707,7,7556,0.0019120458891013384,9.264160931709899e-4,0.19677200145317908,0.41669365013614396
all,Power analysis reported,Analysis,0,0,3417,0,0,0,0.00112295729792524,NA,NA,NA,Power analysis,NA,NA,No clear difference,0,4707,0,7556,0,0,1,1
all,Panel data / fixed effects,Analysis,0.00241714561959499,45,3417,45,0.0131694468832309,0.00985701294003996,0.01757526067137276,NA,NA,NA,Panel data / fixed effects,NA,NA,No clear difference,14,4707,15,7556,0.0029742936052687486,0.0019851773425092643,0.3391119502121921,0.5619520199202885
all,"Causal designs (DiD, RDD, IV, synthetic control)",Analysis,0.00365257560294354,68,3417,68,0.01990049751243781,0.01572864723560167,0.02515061026937132,NA,NA,NA,"DiD, RDD, IV",NA,NA,No clear difference,15,4707,35,7556,0.0031867431485022306,0.0046320804658549495,0.24608272309090057,0.46626200164591686
all,Propensity scores / matching,Analysis,8.0571520653166e-4,15,3417,15,0.00438981562774363,0.00266214001012854,0.00723058939229253,NA,NA,NA,Propensity scores,NA,NA,No clear difference,5,4707,3,7556,0.0010622477161674102,3.9703546850185283e-4,0.27382320713699226,0.4928817728465861
all,PLS-SEM,Analysis,0.00397486168555621,74,3417,74,0.02165642376353526,0.01728633225296255,0.02710083409380877,NA,NA,NA,PLS-SEM,NA,NA,No clear difference,11,4707,43,7556,0.0023369449755683024,0.0056908417151932235,0.007118442377813124,0.04992520345664736
all,"Econometric time series (ARDL, GARCH, VECM)",Analysis,1.0742869420422e-4,2,3417,2,5.8530875036581e-4,1.6052744682339e-4,0.00213173279836796,NA,NA,NA,Econometric time series,NA,NA,No clear difference,1,4707,1,7556,2.1244954323348204e-4,1.3234515616728428e-4,1,1
all,"Efficiency analysis (DEA, stochastic frontier)",Analysis,3.2228608261266e-4,6,3417,6,0.00175592625109745,8.0499747370937e-4,0.0038258686660142,NA,NA,NA,Efficiency analysis (DEA),NA,NA,No clear difference,2,4707,3,7556,4.248990864669641e-4,3.9703546850185283e-4,1,1
all,Qualitative comparative analysis (QCA),Analysis,3.2228608261266e-4,6,3417,6,0.00175592625109745,8.0499747370937e-4,0.0038258686660142,NA,NA,NA,QCA,NA,NA,No clear difference,1,4707,4,7556,2.1244954323348204e-4,5.293806246691371e-4,0.6552771498241428,0.7863325797889713
all,Spatial analysis / GIS,Analysis,9.1314390073588e-4,17,3417,17,0.00497512437810945,0.0031086056742386,0.00795342667544857,NA,NA,NA,Spatial / GIS,NA,NA,No clear difference,3,4707,8,7556,6.373486297004461e-4,0.0010587612493382743,0.5476423485435774,0.7409329470153625
all,Conjoint / discrete choice,Analysis,0.00118171563624644,22,3417,22,0.00643839625402399,0.00425573315267189,0.00972955656518057,NA,NA,NA,Conjoint / choice models,NA,NA,No clear difference,8,4707,5,7556,0.0016995963458678563,6.617257808364214e-4,0.09464960390686042,0.24338469576049823
us,Scale development / psychometric validation,Measurement,0.01044386422976501,12,213,12,0.05633802816901408,0.03251802502614973,0.09587743507143728,68,3204,0.02122347066167291,Scale development,0.0034805150968892492,0.017899791926858998,More common than elsewhere,6,567,3,180,0.010582010582010581,0.016666666666666666,0.4562183104331127,1
us,Factor analysis (EFA/CFA),Measurement,0.00957354221061792,11,213,11,0.05164319248826291,0.02907823830524474,0.0900938933277665,113,3204,0.03526841448189763,Factor analysis,0.25152940373569305,0.4615569524519846,No clear difference,8,567,1,180,0.014109347442680775,0.005555555555555556,0.6948685817163861,1
us,IRT / Rasch / DIF,Measurement,8.7032201914708e-4,1,213,1,0.00469483568075117,8.2923506681622e-4,0.02610961192043702,52,3204,0.01622971285892634,IRT / Rasch,0.2564205291399914,0.4615569524519846,No clear difference,0,567,1,180,0,0.005555555555555556,0.24096385542168675,1
us,"Reliability (alpha, omega, ICC)",Measurement,0.00783289817232375,9,213,9,0.04225352112676056,0.02238642871474643,0.0783390459891132,607,3204,0.18945068664169787,Reliability,9.627644717828056e-10,1.1553173661393666e-8,Less common than elsewhere,6,567,3,180,0.010582010582010581,0.016666666666666666,0.4562183104331127,1
us,t test,Analysis,0.00783289817232375,9,213,9,0.04225352112676056,0.02238642871474643,0.0783390459891132,803,3204,0.2506242197253433,t test,1.7347463953203528e-15,6.24508702315327e-14,Less common than elsewhere,7,567,2,180,0.012345679012345678,0.011111111111111112,1,1
us,ANOVA / ANCOVA / MANOVA,Analysis,0.0165361183637946,19,213,19,0.0892018779342723,0.05784962930141899,0.13510913004819863,247,3204,0.07709113607990012,ANOVA family,0.5088110456573155,0.6784147275430873,No clear difference,14,567,1,180,0.024691358024691357,0.005555555555555556,0.135459655275523,1
us,Correlation,Analysis,0.06005221932114883,69,213,69,0.323943661971831,0.2646967346321291,0.38942844794627834,461,3204,0.14388264669163545,Correlation,2.3118962314063068e-10,4.161413216531352e-9,More common than elsewhere,33,567,14,180,0.0582010582010582,0.07777777777777778,0.37817185294872174,1
us,Linear / multiple / hierarchical regression,Analysis,0.03133159268929503,36,213,36,0.16901408450704225,0.12465321010679552,0.22510213314061067,234,3204,0.07303370786516854,Linear regression,8.566444303021783e-6,6.167839898175684e-5,More common than elsewhere,14,567,11,180,0.024691358024691357,0.06111111111111111,0.029198568171002116,0.6938208598468945
us,Logistic / ordinal / multinomial regression,Analysis,0.01566579634464751,18,213,18,0.08450704225352113,0.0541218379701148,0.12961359291492702,58,3204,0.0181023720349563,Logistic regression,4.897863628420658e-7,4.4080772655785915e-6,More common than elsewhere,11,567,3,180,0.019400352733686066,0.016666666666666666,1,1
us,"Count models (Poisson, negative binomial)",Analysis,8.7032201914708e-4,1,213,1,0.00469483568075117,8.2923506681622e-4,0.02610961192043702,6,3204,0.00187265917602996,Count models,0.362977122023891,0.5444656830358365,No clear difference,0,567,0,180,0,0,1,1
us,Chi-square / nonparametric,Analysis,0.00870322019147084,10,213,10,0.04694835680751173,0.0256984003032381,0.08425040286519732,250,3204,0.0780274656679151,Chi-square / nonparametric,0.10884816295087425,0.23050199213126313,No clear difference,4,567,2,180,0.007054673721340388,0.011111111111111112,0.6348445090831292,1
us,Mediation,Analysis,0.01392515230635335,16,213,16,0.07511737089201878,0.04676351159981772,0.11852526235607252,244,3204,0.07615480649188515,Mediation,1,1,No clear difference,7,567,3,180,0.012345679012345678,0.016666666666666666,0.7105799555575477,1
us,Moderation / interactions,Analysis,0.01914708442123585,22,213,22,0.10328638497652584,0.06920264713874594,0.15142609760459907,140,3204,0.04369538077403246,Moderation,3.68217995327893e-4,0.002209307971967358,More common than elsewhere,9,567,5,180,0.015873015873015872,0.027777777777777776,0.3431926689936575,1
us,SEM / path analysis,Analysis,0.00696257615317667,8,213,8,0.03755868544600939,0.01915227011398182,0.07234987612530201,184,3204,0.05742821473158552,SEM / path analysis,0.28109822967080084,0.48188267943565855,No clear difference,5,567,0,180,0.008818342151675485,0,0.34439249412129214,1
us,Multilevel / mixed-effects models,Analysis,0.00783289817232375,9,213,9,0.04225352112676056,0.02238642871474643,0.0783390459891132,74,3204,0.02309612983770287,Multilevel models,0.10082972006512533,0.226866870146532,No clear difference,5,567,1,180,0.008818342151675485,0.005555555555555556,1,1
us,Growth curve / trajectories,Analysis,0.00435161009573542,5,213,5,0.02347417840375586,0.01006748676280739,0.05376467408274904,23,3204,0.00717852684144819,Growth models,0.027189219858239657,0.09788119148966276,No clear difference,3,567,0,180,0.005291005291005291,0,1,1
us,Latent profile / class / mixture,Analysis,0.00261096605744125,3,213,3,0.01408450704225352,0.00480135907313064,0.0405841448432742,40,3204,0.01248439450686641,Latent profile / class,0.7484119179222959,0.8980943015067551,No clear difference,0,567,2,180,0,0.011111111111111112,0.0578184049872412,0.6938208598468945
us,Cluster analysis,Analysis,8.7032201914708e-4,1,213,1,0.00469483568075117,8.2923506681622e-4,0.02610961192043702,12,3204,0.00374531835205992,Cluster analysis,0.5675288386874985,0.7296799354553553,No clear difference,0,567,0,180,0,0,1,1
us,Network analysis (psychometric networks),Analysis,0,0,213,0,0,-1.7347234759768069e-18,0.01771551852267745,23,3204,0.00717852684144819,Network analysis,0.3959653480967928,0.5482597127494054,No clear difference,0,567,0,180,0,0,1,1
us,Machine learning / NLP,Analysis,0.00696257615317667,8,213,8,0.03755868544600939,0.01915227011398182,0.07234987612530201,89,3204,0.02777777777777777,Machine learning / NLP,0.39093042568159864,0.5482597127494054,No clear difference,4,567,0,180,0.007054673721340388,0,0.5773393693120349,1
us,Bayesian,Analysis,0,0,213,0,0,-1.7347234759768069e-18,0.01771551852267745,15,3204,0.0046816479400749,Bayesian,0.6193697338134048,0.7688727730097439,No clear difference,0,567,0,180,0,0,1,1
us,Survival / time-to-event,Analysis,0.00348128807658833,4,213,4,0.01877934272300469,0.00732655216709475,0.04728228021388589,11,3204,0.00343320848938826,Survival analysis,0.011614840504529213,0.04645936201811685,More common than elsewhere,3,567,1,180,0.005291005291005291,0.005555555555555556,1.0000000000000002,1
us,Missing data / multiple imputation,Analysis,8.7032201914708e-4,1,213,1,0.00469483568075117,8.2923506681622e-4,0.02610961192043702,5,3204,0.0015605493133583,Missing data methods,0.3205487689879588,0.501728507981153,No clear difference,1,567,0,180,0.001763668430335097,0,1,1
us,Dyadic / APIM,Analysis,0.00261096605744125,3,213,3,0.01408450704225352,0.00480135907313064,0.0405841448432742,46,3204,0.01435705368289638,Dyadic (APIM),1,1,No clear difference,3,567,0,180,0.005291005291005291,0,1,1
us,"Time series / dynamic models (VAR, DSEM)",Analysis,0.00261096605744125,3,213,3,0.01408450704225352,0.00480135907313064,0.0405841448432742,22,3204,0.00686641697877653,Time series,0.20165807493900043,0.40331614987800085,No clear difference,1,567,0,180,0.001763668430335097,0,1,1
us,"Text analysis (LIWC, sentiment, topic models)",Analysis,0.00348128807658833,4,213,4,0.01877934272300469,0.00732655216709475,0.04728228021388589,17,3204,0.00530586766541822,Text analysis,0.03800262523015085,0.11400787569045254,No clear difference,2,567,0,180,0.003527336860670194,0,1,1
us,Power analysis reported,Analysis,0,0,213,0,0,-1.7347234759768069e-18,0.01771551852267745,0,3204,0,Power analysis,1,1,No clear difference,0,567,0,180,0,0,1,1
us,Panel data / fixed effects,Analysis,0.0052219321148825,6,213,6,0.02816901408450704,0.01297270440225185,0.06008278490788039,39,3204,0.01217228464419475,Panel data / fixed effects,0.05812574135991491,0.16096359145822592,No clear difference,1,567,1,180,0.001763668430335097,0.005555555555555556,0.4241093058561323,1
us,"Causal designs (DiD, RDD, IV, synthetic control)",Analysis,0.00783289817232375,9,213,9,0.04225352112676056,0.02238642871474643,0.0783390459891132,59,3204,0.01841448189762796,"DiD, RDD, IV",0.035717806196718514,0.11400787569045254,No clear difference,0,567,2,180,0,0.011111111111111112,0.0578184049872412,0.6938208598468945
us,Propensity scores / matching,Analysis,0.00348128807658833,4,213,4,0.01877934272300469,0.00732655216709475,0.04728228021388589,11,3204,0.00343320848938826,Propensity scores,0.011614840504529213,0.04645936201811685,More common than elsewhere,1,567,2,180,0.001763668430335097,0.011111111111111112,0.1458265543235251,1
us,PLS-SEM,Analysis,8.7032201914708e-4,1,213,1,0.00469483568075117,8.2923506681622e-4,0.02610961192043702,73,3204,0.02278401997503121,PLS-SEM,0.0874117298536914,0.20978815164885936,No clear difference,1,567,0,180,0.001763668430335097,0,1,1
us,"Econometric time series (ARDL, GARCH, VECM)",Analysis,0,0,213,0,0,-1.7347234759768069e-18,0.01771551852267745,2,3204,6.2421972534332e-4,Econometric time series,1,1,No clear difference,0,567,0,180,0,0,1,1
us,"Efficiency analysis (DEA, stochastic frontier)",Analysis,8.7032201914708e-4,1,213,1,0.00469483568075117,8.2923506681622e-4,0.02610961192043702,5,3204,0.0015605493133583,Efficiency analysis (DEA),0.3205487689879588,0.501728507981153,No clear difference,0,567,0,180,0,0,1,1
us,Qualitative comparative analysis (QCA),Analysis,0,0,213,0,0,-1.7347234759768069e-18,0.01771551852267745,6,3204,0.00187265917602996,QCA,1,1,No clear difference,0,567,0,180,0,0,1,1
us,Spatial analysis / GIS,Analysis,0.00261096605744125,3,213,3,0.01408450704225352,0.00480135907313064,0.0405841448432742,14,3204,0.00436953807740324,Spatial / GIS,0.08507143905837157,0.20978815164885936,No clear difference,1,567,1,180,0.001763668430335097,0.005555555555555556,0.4241093058561323,1
us,Conjoint / discrete choice,Analysis,8.7032201914708e-4,1,213,1,0.00469483568075117,8.2923506681622e-4,0.02610961192043702,21,3204,0.00655430711610486,Conjoint / choice models,1,1,No clear difference,0,567,0,180,0,0,1,1
other,Scale development / psychometric validation,Measurement,0.00389283260819784,68,3204,68,0.02122347066167291,0.01677636970608602,0.02681726192247469,12,213,0.05633802816901408,Scale development,0.0034805150968892492,0.017899791926858998,Less common than elsewhere,24,4140,27,7376,0.005797101449275362,0.003660520607375271,0.10802224882907004,0.27777149698903725
other,Factor analysis (EFA/CFA),Measurement,0.00646897183421112,113,3204,113,0.03526841448189763,0.02941753440876004,0.04223234661791981,11,213,0.05164319248826291,Factor analysis,0.25152940373569305,0.4615569524519846,No clear difference,21,4140,65,7376,0.005072463768115942,0.00881236442516269,0.02430510702848155,0.0972204281139262
other,IRT / Rasch / DIF,Measurement,0.00297687199450423,52,3204,52,0.01622971285892634,0.01239818615585665,0.02121989013115059,1,213,0.00469483568075117,IRT / Rasch,0.2564205291399914,0.4615569524519846,No clear difference,14,4140,30,7376,0.003381642512077295,0.004067245119305857,0.6387182466363296,0.8197262787681152
other,"Reliability (alpha, omega, ICC)",Measurement,0.03474925578200137,607,3204,607,0.18945068664169787,0.17625686037729857,0.20338829181984472,9,213,0.04225352112676056,Reliability,9.627644717828056e-10,1.1553173661393666e-8,More common than elsewhere,62,4140,380,7376,0.01497584541062802,0.05151843817787419,1.121115168122512e-25,2.0180073026205216e-24
other,t test,Analysis,0.04596977329974811,803,3204,803,0.2506242197253433,0.235922927873724,0.26592277725744945,9,213,0.04225352112676056,t test,1.7347463953203528e-15,6.24508702315327e-14,More common than elsewhere,77,4140,448,7376,0.01859903381642512,0.06073752711496746,1.2527955976925481e-28,4.5100641516931734e-27
other,ANOVA / ANCOVA / MANOVA,Analysis,0.01414014197389512,247,3204,247,0.07709113607990012,0.06835323701696744,0.08684191999522273,19,213,0.0892018779342723,ANOVA family,0.5088110456573155,0.6784147275430873,No clear difference,49,4140,116,7376,0.011835748792270532,0.015726681127982648,0.10204859273485832,0.27777149698903725
other,Correlation,Analysis,0.02639111518204717,461,3204,461,0.14388264669163545,0.13215620101555864,0.15646200868990923,69,213,0.323943661971831,Correlation,2.3118962314063068e-10,4.161413216531352e-9,Less common than elsewhere,128,4140,192,7376,0.030917874396135265,0.026030368763557483,0.13954706455095725,0.32565799764468795
other,Linear / multiple / hierarchical regression,Analysis,0.01339592397526906,234,3204,234,0.07303370786516854,0.06452650746614613,0.08256351083103186,36,213,0.16901408450704225,Linear regression,8.566444303021783e-6,6.167839898175684e-5,Less common than elsewhere,69,4140,98,7376,0.016666666666666666,0.013286334056399132,0.14473688784208352,0.32565799764468795
other,Logistic / ordinal / multinomial regression,Analysis,0.00332035722463934,58,3204,58,0.0181023720349563,0.01402987628979769,0.0233290332502921,18,213,0.08450704225352113,Logistic regression,4.897863628420658e-7,4.4080772655785915e-6,Less common than elsewhere,20,4140,25,7376,0.004830917874396135,0.0033893709327548808,0.27564753993273783,0.5002254113536118
other,"Count models (Poisson, negative binomial)",Analysis,3.434852301351e-4,6,3204,6,0.00187265917602996,8.5853030302599e-4,0.004079824377015,1,213,0.00469483568075117,Count models,0.362977122023891,0.5444656830358365,No clear difference,2,4140,1,7376,4.830917874396135e-4,1.3557483731019523e-4,0.2947799112901334,0.5053369907830858
other,Chi-square / nonparametric,Analysis,0.01431188458896267,250,3204,250,0.0780274656679151,0.06923740843672388,0.08782816520200756,10,213,0.04694835680751173,Chi-square / nonparametric,0.10884816295087425,0.23050199213126313,No clear difference,37,4140,141,7376,0.008937198067632851,0.019116052060737528,1.2745742138724014e-5,1.1471167924851612e-4
other,Mediation,Analysis,0.01396839935882757,244,3204,244,0.07615480649188515,0.06746946300261508,0.08585527738303383,16,213,0.07511737089201878,Mediation,1,1,No clear difference,59,4140,118,7376,0.014251207729468598,0.015997830802603037,0.478779184986564,0.7493935069354916
other,Moderation / interactions,Analysis,0.00801465536981909,140,3204,140,0.04369538077403246,0.03714686401459385,0.05133676665095749,22,213,0.10328638497652584,Moderation,3.68217995327893e-4,0.002209307971967358,Less common than elsewhere,32,4140,69,7376,0.007729468599033816,0.009354663774403471,0.40565896382522315,0.663805577168547
other,SEM / path analysis,Analysis,0.01053354705747652,184,3204,184,0.05742821473158552,0.04988956211372701,0.06602684574109638,8,213,0.03755868544600939,SEM / path analysis,0.28109822967080084,0.48188267943565855,No clear difference,27,4140,117,7376,0.006521739130434782,0.01586225596529284,6.879730092870391e-6,8.255676111444469e-5
other,Multilevel / mixed-effects models,Analysis,0.00423631783833295,74,3204,74,0.02309612983770287,0.01843794250472115,0.02889652237692211,9,213,0.04225352112676056,Multilevel models,0.10082972006512533,0.226866870146532,No clear difference,28,4140,27,7376,0.00676328502415459,0.003660520607375271,0.02399430444309249,0.0972204281139262
other,Growth curve / trajectories,Analysis,0.00131669338218456,23,3204,23,0.00717852684144819,0.00478825091224855,0.01074913131819301,5,213,0.02347417840375586,Growth models,0.027189219858239657,0.09788119148966276,No clear difference,7,4140,9,7376,0.0016908212560386474,0.001220173535791757,0.6036822714995855,0.8049096953327807
other,Latent profile / class / mixture,Analysis,0.00228990153423402,40,3204,40,0.01248439450686641,0.00918175166521239,0.01695465811562974,3,213,0.01408450704225352,Latent profile / class,0.7484119179222959,0.8980943015067551,No clear difference,11,4140,21,7376,0.0026570048309178746,0.0028470715835141,1,1
other,Cluster analysis,Analysis,6.869704602702e-4,12,3204,12,0.00374531835205992,0.0021438106530599,0.00653537728006364,1,213,0.00469483568075117,Cluster analysis,0.5675288386874985,0.7296799354553553,No clear difference,4,4140,5,7376,9.66183574879227e-4,6.778741865509761e-4,0.7304429794049261,0.8482563631799143
other,Network analysis (psychometric networks),Analysis,0.00131669338218456,23,3204,23,0.00717852684144819,0.00478825091224855,0.01074913131819301,0,213,0,Network analysis,0.3959653480967928,0.5482597127494054,No clear difference,7,4140,11,7376,0.0016908212560386474,0.0014913232104121475,0.8088363546935529,0.909940899030247
other,Machine learning / NLP,Analysis,0.00509503091367071,89,3204,89,0.02777777777777777,0.0226283587303825,0.03405818928396714,8,213,0.03755868544600939,Machine learning / NLP,0.39093042568159864,0.5482597127494054,No clear difference,15,4140,57,7376,0.0036231884057971015,0.007727765726681128,0.006554284662925633,0.04719084957306456
other,Bayesian,Analysis,8.5871307533776e-4,15,3204,15,0.0046816479400749,0.00283924100478651,0.0077103635548783,0,213,0,Bayesian,0.6193697338134048,0.7688727730097439,No clear difference,6,4140,7,7376,0.0014492753623188406,9.490238611713665e-4,0.5642331905349385,0.7812459561252995
other,Survival / time-to-event,Analysis,6.2972292191435e-4,11,3204,11,0.00343320848938826,0.00191815799820602,0.00613755772607043,4,213,0.01877934272300469,Survival analysis,0.011614840504529213,0.04645936201811685,Less common than elsewhere,6,4140,4,7376,0.0014492753623188406,5.422993492407809e-4,0.1832440327236759,0.38804618694425486
other,Missing data / multiple imputation,Analysis,2.8623769177925e-4,5,3204,5,0.0015605493133583,6.6675184255817e-4,0.00364813062863573,1,213,0.00469483568075117,Missing data methods,0.3205487689879588,0.501728507981153,No clear difference,4,4140,0,7376,9.66183574879227e-4,0,0.016687506445721492,0.08582146172085339
other,Dyadic / APIM,Analysis,0.00263338676436913,46,3204,46,0.01435705368289638,0.01078118703567685,0.01909605599824783,3,213,0.01408450704225352,Dyadic (APIM),1,1,No clear difference,11,4140,23,7376,0.0026570048309178746,0.0031182212581344904,0.7236282157184678,0.8482563631799143
other,"Time series / dynamic models (VAR, DSEM)",Analysis,0.00125944584382871,22,3204,22,0.00686641697877653,0.00453891521219934,0.01037499480939513,3,213,0.01408450704225352,Time series,0.20165807493900043,0.40331614987800085,No clear difference,8,4140,4,7376,0.001932367149758454,5.422993492407809e-4,0.0348034699869463,0.12529249195300668
other,"Text analysis (LIWC, sentiment, topic models)",Analysis,9.7320815204946e-4,17,3204,17,0.00530586766541822,0.00331542273886229,0.00848112623849672,4,213,0.01877934272300469,Text analysis,0.03800262523015085,0.11400787569045254,No clear difference,7,4140,7,7376,0.0016908212560386474,9.490238611713665e-4,0.2779030063075621,0.5002254113536118
other,Power analysis reported,Analysis,0,0,3204,0,0,1.0842021724855044e-19,0.00119752142695844,0,213,0,Power analysis,1,1,No clear difference,0,4140,0,7376,0,0,1,1
other,Panel data / fixed effects,Analysis,0.00223265399587817,39,3204,39,0.01217228464419475,0.00891714428702482,0.01659579328497022,6,213,0.02816901408450704,Panel data / fixed effects,0.05812574135991491,0.16096359145822592,No clear difference,13,4140,14,7376,0.003140096618357488,0.001898047722342733,0.22779353261239904,0.4555870652247981
other,"Causal designs (DiD, RDD, IV, synthetic control)",Analysis,0.00337760476299519,59,3204,59,0.01841448189762796,0.01430309333094709,0.02367928841798978,9,213,0.04225352112676056,"DiD, RDD, IV",0.035717806196718514,0.11400787569045254,No clear difference,15,4140,33,7376,0.0036231884057971015,0.004473969631236443,0.5492634513786718,0.7812459561252995
other,Propensity scores / matching,Analysis,6.2972292191435e-4,11,3204,11,0.00343320848938826,0.00191815799820602,0.00613755772607043,4,213,0.01877934272300469,Propensity scores,0.011614840504529213,0.04645936201811685,Less common than elsewhere,4,4140,1,7376,9.66183574879227e-4,1.3557483731019523e-4,0.059455764800009844,0.19458250298185042
other,PLS-SEM,Analysis,0.0041790702999771,73,3204,73,0.02278401997503121,0.01816037457455104,0.02855061809824513,1,213,0.00469483568075117,PLS-SEM,0.0874117298536914,0.20978815164885936,No clear difference,10,4140,43,7376,0.0024154589371980675,0.0058297180043383945,0.009289909716429488,0.055739458298576926
other,"Econometric time series (ARDL, GARCH, VECM)",Analysis,1.144950767117e-4,2,3204,2,6.2421972534332e-4,1.7120025611055e-4,0.00227326558854207,0,213,0,Econometric time series,1,1,No clear difference,1,4140,1,7376,2.4154589371980676e-4,1.3557483731019523e-4,1,1
other,"Efficiency analysis (DEA, stochastic frontier)",Analysis,2.8623769177925e-4,5,3204,5,0.0015605493133583,6.6675184255817e-4,0.00364813062863573,1,213,0.00469483568075117,Efficiency analysis (DEA),0.3205487689879588,0.501728507981153,No clear difference,2,4140,3,7376,4.830917874396135e-4,4.0672451193058567e-4,1,1
other,Qualitative comparative analysis (QCA),Analysis,3.434852301351e-4,6,3204,6,0.00187265917602996,8.5853030302599e-4,0.004079824377015,0,213,0,QCA,1,1,No clear difference,1,4140,4,7376,2.4154589371980676e-4,5.422993492407809e-4,0.6603350578965372,0.8197262787681152
other,Spatial analysis / GIS,Analysis,8.014655369819e-4,14,3204,14,0.00436953807740324,0.00260467117792285,0.00732146117289488,3,213,0.01408450704225352,Spatial / GIS,0.08507143905837157,0.20978815164885936,No clear difference,2,4140,7,7376,4.830917874396135e-4,9.490238611713665e-4,0.5035082227500988,0.7552623341251481
other,Conjoint / discrete choice,Analysis,0.00120219830547286,21,3204,21,0.00655430711610486,0.00429098421016722,0.0099994536025801491,1,213,0.00469483568075117,Conjoint / choice models,1,1,No clear difference,8,4140,5,7376,0.001932367149758454,6.778741865509761e-4,0.0791091393899407,0.2373274181698221
