subfield,topic,n
teaching_learning,Educational Methods and Outcomes,1196
teaching_learning,Educational Curriculum and Learning Methods,756
teaching_learning,Educational Methods and Impacts,541
teaching_learning,STEM Education,425
teaching_learning,Education and Critical Thinking Development,286
teaching_learning,Mathematics Education and Teaching Techniques,244
teaching_learning,Science Education and Pedagogy,195
teaching_learning,Student Assessment and Feedback,168
teaching_learning,Writing and Handwriting Education,136
teaching_learning,Reflective Practices in Education,102
teaching_learning,Innovative Teaching Methods,95
teaching_learning,Education Methods and Practices,71
teaching_learning,Evaluation of Teaching Practices,69
teaching_learning,Literacy and Educational Practices,69
teaching_learning,Educational Assessment and Pedagogy,46
online_learning,Online Learning Methods and Innovations,1691
online_learning,Online and Blended Learning,290
online_learning,Technology-Enhanced Education Studies,273
online_learning,Education and Technology Integration,102
online_learning,E-Learning and COVID-19,70
online_learning,Education Methods and Technologies,27
online_learning,Information Technology and Learning,25
online_learning,Education during COVID-19 pandemic,9
higher_education,Higher Education Research Studies,656
higher_education,Higher Education and Employability,261
higher_education,Vocational and Entrepreneurial Education,177
higher_education,Service-Learning and Community Engagement,116
higher_education,Sustainability in Higher Education,109
higher_education,Higher Education Practises and Engagement,100
higher_education,Higher Education Learning Practices,86
higher_education,Education and Vocational Training,78
higher_education,Adult and Continuing Education Topics,64
higher_education,University Challenges and Reforms,24
higher_education,Higher Education Teaching and Evaluation,22
higher_education,Higher Education and Sustainability,15
higher_education,Knowledge Management in Higher Education,10
higher_education,Vocational Education and Training,9
leadership_policy,Teacher Education and Leadership Studies,798
leadership_policy,School Leadership and Teacher Performance,404
leadership_policy,Education Systems and Policy,392
leadership_policy,Education Discipline and Inequality,223
leadership_policy,School Choice and Performance,222
leadership_policy,Educational Leadership and Innovation,135
leadership_policy,Educational Environments and Student Outcomes,130
leadership_policy,Diverse Education Studies and Reforms,112
leadership_policy,Teacher Professional Development and Motivation,60
leadership_policy,Education and Teacher Training,54
leadership_policy,Educational Leadership and Practices,49
leadership_policy,Impact of Education Environments,49
leadership_policy,Educational Practices and Policies,48
leadership_policy,Teacher Education and Assessments,11
leadership_policy,Educational Leadership and Administration,8
early_inclusive,Early Childhood Education and Development,559
early_inclusive,Child Development and Education,551
early_inclusive,Parental Involvement in Education,356
early_inclusive,Child Development and Digital Technology,230
early_inclusive,Collaborative Teaching and Inclusion,209
early_inclusive,Youth Substance Use and School Attendance,61
early_inclusive,Inclusive Education and Diversity,42
early_inclusive,Social Skills and Education,8
all,Online Learning Methods and Innovations,1691
all,Educational Methods and Outcomes,1196
all,Teacher Education and Leadership Studies,798
all,Educational Curriculum and Learning Methods,756
all,Arabic Language Education Studies,700
all,Higher Education Research Studies,656
all,Pancasila Values in Education,638
all,Qur’anic Interpretation Studies,615
all,Early Childhood Education and Development,559
all,Child Development and Education,551
all,Educational Methods and Impacts,541
all,Education and Character Development,515
all,Research in Social Sciences,425
all,STEM Education,425
all,School Leadership and Teacher Performance,404
us,Higher Education Research Studies,223
us,Teacher Education and Leadership Studies,127
us,Early Childhood Education and Development,96
us,Education Discipline and Inequality,60
us,Online and Blended Learning,54
us,Parental Involvement in Education,51
us,Collaborative Teaching and Inclusion,44
us,Child Development and Digital Technology,33
us,Education Systems and Policy,33
us,School Choice and Performance,32
us,Education and Critical Thinking Development,28
us,Mathematics Education and Teaching Techniques,22
us,Service-Learning and Community Engagement,22
us,Science Education and Pedagogy,20
us,Diverse Education Studies and Reforms,19
other,Online Learning Methods and Innovations,1691
other,Educational Methods and Outcomes,1196
other,Educational Curriculum and Learning Methods,756
other,Arabic Language Education Studies,700
other,Teacher Education and Leadership Studies,671
other,Pancasila Values in Education,638
other,Qur’anic Interpretation Studies,615
other,Child Development and Education,550
other,Educational Methods and Impacts,539
other,Education and Character Development,515
other,Early Childhood Education and Development,463
other,Higher Education Research Studies,433
other,STEM Education,425
other,Research in Social Sciences,421
other,School Leadership and Teacher Performance,404
