subfield,method,group,share_all,n_quant,x_quant,share_quant,ci_low,ci_high,rest_share_quant,p_vs_rest
clinical,Scale development / psychometric validation,Measurement,0.03454731109598366,2198,203,0.09235668789808917,0.08095363501460236,0.1051821365815628,0.050031665611146296,1.723021725297258e-11
clinical,Factor analysis (EFA/CFA),Measurement,0.01786929884275017,2198,105,0.04777070063694268,0.03961627348703492,0.05750309812746081,0.03778762930124551,0.05095395545739567
clinical,IRT / Rasch / DIF,Measurement,0.0030633083730428863,2198,18,0.00818926296633303,0.00518638605458357,0.012908222310879089,0.008655267046654,0.8441402038717885
clinical,"Reliability (alpha, omega, ICC)",Measurement,0.028931245745405038,2198,170,0.07734303912647862,0.06689810525372096,0.08926275614453512,0.10512982900569981,0.00026296017037541475
clinical,t test,Analysis,0.01701837985023826,2198,100,0.04549590536851683,0.03754858956159003,0.05502912899261643,0.05636478784040532,0.059951145563241326
clinical,ANOVA / ANCOVA / MANOVA,Analysis,0.021783526208304968,2198,128,0.05823475887170155,0.04919339891847954,0.06881757677334677,0.05340933080008444,0.4118984829531529
clinical,Correlation,Analysis,0.08917631041524847,2198,524,0.2383985441310282,0.2210511164228746,0.2566587816438608,0.22947012877348533,0.4126654093372424
clinical,Linear / multiple / hierarchical regression,Analysis,0.06313818924438394,2198,371,0.16878980891719744,0.1537116998155005,0.18502361460638364,0.10618534937724299,2.688960165642129e-13
clinical,Logistic / ordinal / multinomial regression,Analysis,0.024846834581347857,2198,146,0.06642402183803457,0.056751577005549544,0.07760934970331808,0.034198860037998734,1.3521037622865606e-09
clinical,"Count models (Poisson, negative binomial)",Analysis,0.0034036759700476512,2198,20,0.009099181073703366,0.005898047207540441,0.014013222382037917,0.0033776651889381466,0.0020355027708638396
clinical,Chi-square / nonparametric,Analysis,0.01531654186521443,2198,90,0.04094631483166515,0.033431340516599906,0.05006307191702805,0.03926535782140595,0.7389941270354274
clinical,Mediation,Analysis,0.07539142273655548,2198,443,0.20154686078252956,0.1853035688705112,0.21883154961953827,0.14249525015832806,4.89957852067846e-10
clinical,Moderation / interactions,Analysis,0.06790333560245064,2198,399,0.18152866242038215,0.16597457007854197,0.19819400148096203,0.11969601013299556,4.5361492340134646e-12
clinical,SEM / path analysis,Analysis,0.02654867256637168,2198,156,0.07097361237488627,0.0609705299704353,0.08247370285901086,0.06607557525860248,0.4497694487883943
clinical,Multilevel / mixed-effects models,Analysis,0.02042205582028591,2198,120,0.0545950864422202,0.04585095729033353,0.06489337350502995,0.048131728942368585,0.25132696244888253
clinical,Growth curve / trajectories,Analysis,0.01123213070115725,2198,66,0.03002729754322111,0.023671822599201003,0.03802265514503851,0.017521638167616635,0.0008320275930766563
clinical,Latent profile / class / mixture,Analysis,0.008168822328114363,2198,48,0.02183803457688808,0.016510786389071688,0.028833740338126506,0.015410597424530293,0.05715836152138509
clinical,Cluster analysis,Analysis,0.0037440435670524166,2198,22,0.010009099181073703,0.006619149589529112,0.015108781224164952,0.010344099641123074,0.8973983839800383
clinical,Network analysis (psychometric networks),Analysis,0.004594962559564329,2198,27,0.012283894449499545,0.008455908008404246,0.017813675865579075,0.022799240025332488,0.003186904757399134
clinical,Machine learning / NLP,Analysis,0.00850918992511913,2198,50,0.022747952684258416,0.01729745243452471,0.029863735516789187,0.10344099641123074,0.0
clinical,Bayesian,Analysis,0.0020422055820285907,2198,12,0.00545950864422202,0.003125845478688038,0.009518779214427512,0.016466117796073463,0.00016442672569838557
clinical,Survival / time-to-event,Analysis,0.002382573179033356,2198,14,0.006369426751592357,0.003797950065731532,0.010663335851499721,0.004222081486172683,0.23356378580201076
clinical,Missing data / multiple imputation,Analysis,0.001191286589516678,2198,7,0.0031847133757961785,0.0015435318602834273,0.006559439772542865,0.002322144817394976,0.5112568991339463
clinical,Dyadic / APIM,Analysis,0.01906058543226685,2198,112,0.050955414012738856,0.0425201892804942,0.06095749661840649,0.04475406375343044,0.25487247084914033
clinical,"Time series / dynamic models (VAR, DSEM)",Analysis,0.003233492171545269,2198,19,0.008644222020018199,0.005540950153764561,0.013461988823755948,0.010977411864048976,0.3691362756386134
clinical,"Text analysis (LIWC, sentiment, topic models)",Analysis,0.001191286589516678,2198,7,0.0031847133757961785,0.0015435318602834273,0.006559439772542865,0.011821828161283512,0.00041977942935766954
clinical,Power analysis reported,Analysis,0.0,2198,0,0.0,0.0,0.0017446573484213323,0.0008444162972345366,0.1729600873490733
social,Scale development / psychometric validation,Measurement,0.019492219492219492,1900,119,0.06263157894736843,0.052594456114242384,0.07443369413068554,0.0637537239324727,0.8642433566183949
social,Factor analysis (EFA/CFA),Measurement,0.014742014742014743,1900,90,0.04736842105263158,0.038696101853391784,0.0578673267996022,0.03853028798411122,0.09764667578066222
social,IRT / Rasch / DIF,Measurement,0.001638001638001638,1900,10,0.005263157894736842,0.002861364452598513,0.009661452912301884,0.009731876861966237,0.07074235040230925
social,"Reliability (alpha, omega, ICC)",Measurement,0.025716625716625717,1900,157,0.08263157894736842,0.07107770350477555,0.09586973710199681,0.10148957298907646,0.01759746968216147
social,t test,Analysis,0.010155610155610156,1900,62,0.03263157894736842,0.025538262100182542,0.04161095260197869,0.0605759682224429,3.5519099981229374e-06
social,ANOVA / ANCOVA / MANOVA,Analysis,0.017854217854217855,1900,109,0.057368421052631575,0.04777766314771167,0.06874541068620454,0.05402184707050645,0.58541854171833
social,Correlation,Analysis,0.0687960687960688,1900,420,0.22105263157894736,0.20296746422242704,0.24026348599395295,0.2365441906653426,0.1730484613802621
social,Linear / multiple / hierarchical regression,Analysis,0.03570843570843571,1900,218,0.11473684210526315,0.10117715769443962,0.12985124901950407,0.13028798411122144,0.08179926583494312
social,Logistic / ordinal / multinomial regression,Analysis,0.01506961506961507,1900,92,0.04842105263157895,0.03964715209706354,0.05901729183813277,0.04289970208540218,0.31952659118951354
social,"Count models (Poisson, negative binomial)",Analysis,0.0013104013104013104,1900,8,0.004210526315789474,0.002135071170963672,0.008286730911734385,0.005561072492552135,0.48516768263758836
social,Chi-square / nonparametric,Analysis,0.009009009009009009,1900,55,0.02894736842105263,0.022306987253156284,0.03748867396129676,0.0438927507447865,0.0045178852115550505
social,Mediation,Analysis,0.05913185913185913,1900,361,0.19,0.17299253106666293,0.208258468324748,0.1503475670307845,6.202557173828893e-05
social,Moderation / interactions,Analysis,0.04897624897624898,1900,299,0.15736842105263157,0.14168790678658413,0.1744316188565543,0.13247269116186694,0.007574850014119949
social,SEM / path analysis,Analysis,0.022604422604422605,1900,138,0.07263157894736842,0.061804114872957144,0.08518368055289299,0.06573982125124131,0.30803441532973785
social,Multilevel / mixed-effects models,Analysis,0.013104013104013105,1900,80,0.042105263157894736,0.03396088132353806,0.05209747091844422,0.053227408142999005,0.05847140023013475
social,Growth curve / trajectories,Analysis,0.004586404586404586,1900,28,0.014736842105263158,0.010215465297916813,0.021216489606804636,0.024031777557100297,0.017269131992401654
social,Latent profile / class / mixture,Analysis,0.005405405405405406,1900,33,0.017368421052631578,0.012393748030332602,0.024290745079894704,0.01747765640516385,0.9752804930866907
social,Cluster analysis,Analysis,0.003276003276003276,1900,20,0.010526315789473684,0.006824467040061104,0.016203426735850988,0.01012909632571996,0.8834801209796577
social,Network analysis (psychometric networks),Analysis,0.00475020475020475,1900,29,0.015263157894736841,0.010648051021770705,0.021834411524051914,0.021052631578947368,0.11961616307496237
social,Machine learning / NLP,Analysis,0.029647829647829648,1900,181,0.09526315789473684,0.08286723616469772,0.10929238782850269,0.07130089374379345,0.0008959337268126255
social,Bayesian,Analysis,0.004422604422604423,1900,27,0.014210526315789474,0.009784570933804582,0.0205968763298157,0.012512413108242304,0.5773493109497387
social,Survival / time-to-event,Analysis,0.0011466011466011465,1900,7,0.0036842105263157894,0.0017857730347076335,0.007585521406889253,0.005362462760675273,0.37217640123333995
social,Missing data / multiple imputation,Analysis,0.0003276003276003276,1900,2,0.0010526315789473684,0.0002887170222578175,0.003830039213833222,0.0031777557100297915,0.12083567598514966
social,Dyadic / APIM,Analysis,0.01932841932841933,1900,118,0.06210526315789474,0.05211176046240807,0.07386588214141863,0.04091360476663357,0.00019180767509308083
social,"Time series / dynamic models (VAR, DSEM)",Analysis,0.0031122031122031123,1900,19,0.01,0.006411232043537126,0.015566154091273798,0.010327706057596822,0.90376139370796
social,"Text analysis (LIWC, sentiment, topic models)",Analysis,0.003931203931203931,1900,24,0.01263157894736842,0.008502980905106096,0.018726943435210676,0.007745779543197617,0.05579961750507767
social,Power analysis reported,Analysis,0.0001638001638001638,1900,1,0.0005263157894736842,9.291370187499651e-05,0.002975334893114873,0.0005958291956305859,0.9143664154056272
developmental_educational,Scale development / psychometric validation,Measurement,0.009874667679453095,1337,52,0.03889304412864622,0.02978152799710393,0.05064666742226455,0.06931046802429439,4.143645036203125e-05
developmental_educational,Factor analysis (EFA/CFA),Measurement,0.006836308393467528,1337,36,0.02692595362752431,0.019511934366331512,0.03705065055297191,0.04430153626295105,0.003972602292666272
developmental_educational,IRT / Rasch / DIF,Measurement,0.003418154196733764,1337,18,0.013462976813762155,0.008532757158365897,0.02118101594836435,0.007324044301536263,0.02810209043026246
developmental_educational,"Reliability (alpha, omega, ICC)",Measurement,0.040258260539308775,1337,212,0.15856394913986538,0.1399665508440711,0.1791177495759479,0.08145766345123258,0.0
developmental_educational,t test,Analysis,0.03114318268135207,1337,164,0.12266267763649963,0.10615152253742972,0.14133594638239413,0.03626295105394784,0.0
developmental_educational,ANOVA / ANCOVA / MANOVA,Analysis,0.01405241169768325,1337,74,0.055347793567688854,0.04431659719551269,0.06892681266144524,0.054841014648088604,0.9417545498151121
developmental_educational,Correlation,Analysis,0.054880364603114316,1337,289,0.2161555721765146,0.1949215897606498,0.23901596119093224,0.2361557699178278,0.11973937275486013
developmental_educational,Linear / multiple / hierarchical regression,Analysis,0.023167489555639954,1337,122,0.0912490650710546,0.07696238409307357,0.1078778572640795,0.13433369060378705,2.0007097638607974e-05
developmental_educational,Logistic / ordinal / multinomial regression,Analysis,0.004177744018230156,1337,22,0.016454749439042633,0.01089129880715347,0.024788876924593035,0.051089674883887104,3.3300033397409834e-08
developmental_educational,"Count models (Poisson, negative binomial)",Analysis,0.00037979491074819596,1337,2,0.0014958863126402393,0.0004103218751287758,0.005437840731536418,0.006073597713469096,0.03637486913203425
developmental_educational,Chi-square / nonparametric,Analysis,0.01785036080516521,1337,94,0.07030665669409125,0.057797996502440795,0.08527742647959843,0.03251161128974634,2.131259613236125e-10
developmental_educational,Mediation,Analysis,0.021458412457273073,1337,113,0.08451757666417352,0.07077167165578582,0.10064416379508065,0.1795284030010718,0.0
developmental_educational,Moderation / interactions,Analysis,0.016141283706798328,1337,85,0.06357516828721017,0.05170589951927374,0.07794511755647891,0.15737763486959627,0.0
developmental_educational,SEM / path analysis,Analysis,0.015191796429927839,1337,80,0.05983545250560957,0.048338797617766736,0.07385421617671557,0.06948910325116113,0.20660031675914237
developmental_educational,Multilevel / mixed-effects models,Analysis,0.009115077857956703,1337,48,0.03590127150336574,0.02718445407650142,0.04727733871785079,0.05359056806002144,0.007771403779037289
developmental_educational,Growth curve / trajectories,Analysis,0.00569692366122294,1337,30,0.02243829468960359,0.015761966687127697,0.03185101429465133,0.021257591997141837,0.7890737399100456
developmental_educational,Latent profile / class / mixture,Analysis,0.0032282567413596656,1337,17,0.012715033657442034,0.007953663241523797,0.02026850920895238,0.018578063594140763,0.14127181487622575
developmental_educational,Cluster analysis,Analysis,0.002278769464489176,1337,12,0.008975317875841436,0.005141651384982297,0.015622517784223553,0.010539478385137548,0.6097233262750503
developmental_educational,Network analysis (psychometric networks),Analysis,0.0036080516521078618,1337,19,0.014210919970082274,0.009116380446773355,0.02208899331621095,0.020721686316541622,0.1215835128686209
developmental_educational,Machine learning / NLP,Analysis,0.01139384732244588,1337,60,0.04487658937920718,0.03502253877762462,0.05733846189177638,0.0857449088960343,5.430851719445684e-07
developmental_educational,Bayesian,Analysis,0.0015191796429927839,1337,8,0.005983545250560957,0.003035027914245078,0.011762738629944508,0.014648088603072526,0.011902242812216635
developmental_educational,Survival / time-to-event,Analysis,0.0007595898214963919,1337,4,0.0029917726252804786,0.0011640381990008744,0.00766732572017245,0.0053590568060021436,0.2655266706489181
developmental_educational,Missing data / multiple imputation,Analysis,0.00037979491074819596,1337,2,0.0014958863126402393,0.0004103218751287758,0.005437840731536418,0.0028581636298678098,0.37908641343979843
developmental_educational,Dyadic / APIM,Analysis,0.011014052411697683,1337,58,0.04338070306656694,0.033706919677213336,0.055670879679679534,0.04751697034655234,0.519650407009941
developmental_educational,"Time series / dynamic models (VAR, DSEM)",Analysis,0.0015191796429927839,1337,8,0.005983545250560957,0.003035027914245078,0.011762738629944508,0.011254019292604502,0.08542610407747153
developmental_educational,"Text analysis (LIWC, sentiment, topic models)",Analysis,0.0015191796429927839,1337,8,0.005983545250560957,0.003035027914245078,0.011762738629944508,0.009824937477670596,0.18348745134563904
developmental_educational,Power analysis reported,Analysis,0.00018989745537409798,1337,1,0.0007479431563201197,0.00013204253466678108,0.0042245194157443456,0.0005359056806002144,0.7717181013181167
experimental_cognitive,Scale development / psychometric validation,Measurement,0.0172927847346452,1200,58,0.04833333333333333,0.03757401093481278,0.06197519298832017,0.06660854402789887,0.018190739165254488
experimental_cognitive,Factor analysis (EFA/CFA),Measurement,0.013714967203339297,1200,46,0.03833333333333333,0.028861058628770683,0.05075196530742056,0.041499564080209245,0.6147586173414477
experimental_cognitive,IRT / Rasch / DIF,Measurement,0.0026833631484794273,1200,9,0.0075,0.0039507440081591565,0.014192391634961825,0.008718395815170008,0.6760183648858751
experimental_cognitive,"Reliability (alpha, omega, ICC)",Measurement,0.029516994633273702,1200,99,0.0825,0.06823372757156443,0.09943075797361939,0.09921534437663469,0.07430159259036428
experimental_cognitive,t test,Analysis,0.007453786523553965,1200,25,0.020833333333333332,0.014150649235647173,0.030574059723396083,0.05963382737576286,4.769587613751014e-08
experimental_cognitive,ANOVA / ANCOVA / MANOVA,Analysis,0.016398330351818723,1200,55,0.04583333333333333,0.03538084876581457,0.059184310160582954,0.056843940714908454,0.1279550948820698
experimental_cognitive,Correlation,Analysis,0.0936195587358378,1200,314,0.26166666666666666,0.23758627756171463,0.28726809941617476,0.22615518744551003,0.00807294894195909
experimental_cognitive,Linear / multiple / hierarchical regression,Analysis,0.03428741800834824,1200,115,0.09583333333333334,0.08044486086726149,0.11380119799384461,0.13234524847428072,0.000528910227503232
experimental_cognitive,Logistic / ordinal / multinomial regression,Analysis,0.011329755515802028,1200,38,0.03166666666666667,0.023157025668570294,0.04316521160965982,0.047079337401918046,0.01843266140259381
experimental_cognitive,"Count models (Poisson, negative binomial)",Analysis,0.0014907573047107932,1200,5,0.004166666666666667,0.00178102441275491,0.0097167179013855,0.005405405405405406,0.5871159134076986
experimental_cognitive,Chi-square / nonparametric,Analysis,0.007453786523553965,1200,25,0.020833333333333332,0.014150649235647173,0.030574059723396083,0.04376634699215344,0.00021938509152397145
experimental_cognitive,Mediation,Analysis,0.04710793082886106,1200,158,0.13166666666666665,0.11370539584327011,0.15197864130437705,0.16739319965126417,0.002209229284936942
experimental_cognitive,Moderation / interactions,Analysis,0.04025044722719141,1200,135,0.1125,0.09584432352899404,0.13162870197701487,0.14489973844812554,0.0032015154228144382
experimental_cognitive,SEM / path analysis,Analysis,0.02146690518783542,1200,72,0.06,0.047915387057522976,0.07489269351704196,0.06922406277244987,0.2472014107760443
experimental_cognitive,Multilevel / mixed-effects models,Analysis,0.02385211687537269,1200,80,0.06666666666666667,0.05389093100568269,0.0822079362268434,0.04673060156931125,0.004019250719273781
experimental_cognitive,Growth curve / trajectories,Analysis,0.006857483601669648,1200,23,0.019166666666666665,0.012805260840854888,0.028596751453698086,0.02197035745422842,0.5424376880345789
experimental_cognitive,Latent profile / class / mixture,Analysis,0.005366726296958855,1200,18,0.015,0.00950901260194172,0.023586258031385542,0.017959895379250218,0.47638032296934263
experimental_cognitive,Cluster analysis,Analysis,0.003875968992248062,1200,13,0.010833333333333334,0.006341894667438341,0.018446634304663208,0.01011333914559721,0.8217335693199463
experimental_cognitive,Network analysis (psychometric networks),Analysis,0.017590936195587357,1200,59,0.049166666666666664,0.03830703797206571,0.06290351428331238,0.013251961639058413,2.220446049250313e-16
experimental_cognitive,Machine learning / NLP,Analysis,0.06618962432915922,1200,222,0.185,0.16404762708014278,0.20796270333119352,0.05544899738448125,0.0
experimental_cognitive,Bayesian,Analysis,0.011329755515802028,1200,38,0.03166666666666667,0.023157025668570294,0.04316521160965982,0.009067131647776809,3.168314499646385e-10
experimental_cognitive,Survival / time-to-event,Analysis,0.002385211687537269,1200,8,0.006666666666666667,0.003381911658452014,0.013099875652423827,0.004533565823888404,0.33602578138543926
experimental_cognitive,Missing data / multiple imputation,Analysis,0.0011926058437686344,1200,4,0.0033333333333333335,0.0012970084991033599,0.00853938548279191,0.0024411508282476025,0.5806869991127952
experimental_cognitive,Dyadic / APIM,Analysis,0.009242695289206918,1200,31,0.025833333333333333,0.018258275195350334,0.036434523757163786,0.05108979947689625,0.0001632150859345316
experimental_cognitive,"Time series / dynamic models (VAR, DSEM)",Analysis,0.00655933214072749,1200,22,0.018333333333333333,0.012137834796856702,0.02760282916545113,0.008544027898866609,0.002187809701725829
experimental_cognitive,"Text analysis (LIWC, sentiment, topic models)",Analysis,0.005366726296958855,1200,18,0.015,0.00950901260194172,0.023586258031385542,0.007846556233653008,0.01754368050263566
experimental_cognitive,Power analysis reported,Analysis,0.0005963029218843172,1200,2,0.0016666666666666668,0.0004571791605979419,0.006056518156807043,0.0003487358326068004,0.08377329662397681
applied,Scale development / psychometric validation,Measurement,0.011315417256011316,300,8,0.02666666666666667,0.013573069738659564,0.051728943207005,0.06510926902788244,0.007544941518268011
applied,Factor analysis (EFA/CFA),Measurement,0.009900990099009901,300,7,0.023333333333333334,0.011347660237010695,0.047371972518130384,0.041748304446119065,0.11543048532465461
applied,IRT / Rasch / DIF,Measurement,0.005657708628005658,300,4,0.013333333333333334,0.005196961703277308,0.0337755304802933,0.008289374529012811,0.3521504767703947
applied,"Reliability (alpha, omega, ICC)",Measurement,0.042432814710042434,300,30,0.1,0.0709479144023,0.13916646273488134,0.0961567445365486,0.8253326931209928
applied,t test,Analysis,0.02263083451202263,300,16,0.05333333333333334,0.033091912395840695,0.08486914207401179,0.05290128108515448,0.973917232012085
applied,ANOVA / ANCOVA / MANOVA,Analysis,0.021216407355021217,300,15,0.05,0.030531640512013805,0.08084703376731518,0.05516201959306707,0.7011245293203237
applied,Correlation,Analysis,0.09052333804809053,300,64,0.21333333333333335,0.1707525953326151,0.2631627082823648,0.23315749811605124,0.4264374729653744
applied,Linear / multiple / hierarchical regression,Analysis,0.06789250353606789,300,48,0.16,0.12285354532480341,0.2057436752418007,0.12449133383571967,0.06988783773983864
applied,Logistic / ordinal / multinomial regression,Analysis,0.014144271570014143,300,10,0.03333333333333333,0.018204947254090647,0.060261826072620886,0.044913338357196686,0.34093880595349635
applied,"Count models (Poisson, negative binomial)",Analysis,0.0014144271570014145,300,1,0.0033333333333333335,0.0005886577153496192,0.018636693896650527,0.0052750565184626974,0.6471176991530652
applied,Chi-square / nonparametric,Analysis,0.016973125884016973,300,12,0.04,0.0230273213894913,0.06860421231826722,0.03978899773926149,0.98541023686773
applied,Mediation,Analysis,0.06082036775106082,300,43,0.14333333333333334,0.10818474208123337,0.1875005775327533,0.16201959306706856,0.38928923101888513
applied,Moderation / interactions,Analysis,0.06789250353606789,300,48,0.16,0.12285354532480341,0.2057436752418007,0.1383571966842502,0.28961918759582783
applied,SEM / path analysis,Analysis,0.03253182461103253,300,23,0.07666666666666666,0.05162761162594241,0.11241010417757448,0.06721929163526752,0.523865141851179
applied,Multilevel / mixed-effects models,Analysis,0.028288543140028287,300,20,0.06666666666666667,0.0435675153997471,0.10072305983219934,0.049434815373021856,0.181150891012674
applied,Growth curve / trajectories,Analysis,0.002828854314002829,300,2,0.006666666666666667,0.0018301483414602509,0.02397758346106338,0.02215523737754333,0.07033649194530733
applied,Latent profile / class / mixture,Analysis,0.007072135785007072,300,5,0.016666666666666666,0.007139477305428632,0.038415395068665474,0.017483044461190655,0.9158731273805047
applied,Cluster analysis,Analysis,0.005657708628005658,300,4,0.013333333333333334,0.005196961703277308,0.0337755304802933,0.010097965335342879,0.5860868277779925
applied,Network analysis (psychometric networks),Analysis,0.0014144271570014145,300,1,0.0033333333333333335,0.0005886577153496192,0.018636693896650527,0.020195930670685758,0.0386593166932625
applied,Machine learning / NLP,Analysis,0.03818953323903819,300,27,0.09,0.0625902254259583,0.12777701113965256,0.0773172569706104,0.42263201024479313
applied,Bayesian,Analysis,0.007072135785007072,300,5,0.016666666666666666,0.007139477305428632,0.038415395068665474,0.01281085154483798,0.5638167251562074
applied,Survival / time-to-event,Analysis,0.0014144271570014145,300,1,0.0033333333333333335,0.0005886577153496192,0.018636693896650527,0.0049736247174076865,0.6907336723539645
applied,Missing data / multiple imputation,Analysis,0.004243281471004243,300,3,0.01,0.003406618411240462,0.02898349358180666,0.002260738507912585,0.009967172769745236
applied,Dyadic / APIM,Analysis,0.007072135785007072,300,5,0.016666666666666666,0.007139477305428632,0.038415395068665474,0.0480783722682743,0.01167963185884524
applied,"Time series / dynamic models (VAR, DSEM)",Analysis,0.004243281471004243,300,3,0.01,0.003406618411240462,0.02898349358180666,0.010248681235870385,0.9666156585894576
applied,"Text analysis (LIWC, sentiment, topic models)",Analysis,0.008486562942008486,300,6,0.02,0.009197631503835551,0.04293962106078204,0.008590806330067821,0.04162353939903429
applied,Power analysis reported,Analysis,0.0,300,0,0.0,8.673617379884035e-19,0.012642971421476655,0.0006028636021100226,0.6705465644991906
all,Scale development / psychometric validation,Measurement,0.02064952130655153,6935,440,0.06344628695025234,0.05794734394703711,0.06942859685213369,,
all,Factor analysis (EFA/CFA),Measurement,0.01332832738877417,6935,284,0.040951694304253786,0.036535960535075886,0.04587570173880035,,
all,IRT / Rasch / DIF,Measurement,0.0027689130842875917,6935,59,0.00850757029560202,0.0066016189415004515,0.010957718536277822,,
all,"Reliability (alpha, omega, ICC)",Measurement,0.03134972780176459,6935,668,0.09632299927901947,0.0896010192455582,0.10349194401365854,,
all,t test,Analysis,0.01722357799887366,6935,367,0.05291997116077866,0.04789413144815984,0.0584408328616103,,
all,ANOVA / ANCOVA / MANOVA,Analysis,0.01788060822226394,6935,381,0.054938716654650326,0.04981810501430649,0.060552115060554204,,
all,Correlation,Analysis,0.0756054064201239,6935,1611,0.23229992790194665,0.22251072035492186,0.24238554193860767,,
all,Linear / multiple / hierarchical regression,Analysis,0.04101745823165009,6935,874,0.12602739726027398,0.11842285996075479,0.13404600955622278,,
all,Logistic / ordinal / multinomial regression,Analysis,0.01445466491458607,6935,308,0.04441240086517664,0.039810852440181926,0.04951839114527809,,
all,"Count models (Poisson, negative binomial)",Analysis,0.0016895062887178525,6935,36,0.005191059841384283,0.0037521080682563976,0.0071778806525874175,,
all,Chi-square / nonparametric,Analysis,0.012952881546836869,6935,276,0.039798125450612835,0.035446280566241474,0.04465952127044017,,
all,Mediation,Analysis,0.05246855641073775,6935,1118,0.161211247296323,0.15274453330244034,0.17005307954897234,,
all,Moderation / interactions,Analysis,0.04533508541392904,6935,966,0.13929343907714492,0.13134368934327625,0.1476425752014391,,
all,SEM / path analysis,Analysis,0.022010512483574246,6935,469,0.06762797404470079,0.06195419719547852,0.07378048768852272,,
all,Multilevel / mixed-effects models,Analysis,0.016331894124272574,6935,348,0.0501802451333814,0.04528645258182564,0.055572093189607354,,
all,Growth curve / trajectories,Analysis,0.006992678806082222,6935,149,0.021485219899062727,0.018328262953653505,0.025172004442563952,,
all,Latent profile / class / mixture,Analysis,0.005678618359301671,6935,121,0.017447728911319394,0.014622598866220079,0.020807156999816296,,
all,Cluster analysis,Analysis,0.0033320818471935425,6935,71,0.010237923576063446,0.008125080888507434,0.012893047245062732,,
all,Network analysis (psychometric networks),Analysis,0.006335648582691947,6935,135,0.01946647440519106,0.016470918850122834,0.022994092781004075,,
all,Machine learning / NLP,Analysis,0.025342594330767788,6935,540,0.07786589762076424,0.07179041048718444,0.08440878577691878,,
all,Bayesian,Analysis,0.004223765721794631,6935,90,0.012977649603460706,0.010570689430533967,0.015923857241373355,,
all,Survival / time-to-event,Analysis,0.0015956448282335273,6935,34,0.004902667627974045,0.003510622634341132,0.006842900977204034,,
all,Missing data / multiple imputation,Analysis,0.0008447531443589262,6935,18,0.0025955299206921415,0.0016424760795537504,0.004099326657602227,,
all,Dyadic / APIM,Analysis,0.015205556598460672,6935,324,0.046719538572458544,0.04199863104171223,0.05194233341813697,,
all,"Time series / dynamic models (VAR, DSEM)",Analysis,0.0033320818471935425,6935,71,0.010237923576063446,0.008125080888507434,0.012893047245062732,,
all,"Text analysis (LIWC, sentiment, topic models)",Analysis,0.002956636005256242,6935,63,0.009084354722422494,0.0071072613835527244,0.011605006312822845,,
all,Power analysis reported,Analysis,0.00018772292096865028,6935,4,0.0005767844268204759,0.0002243223398237271,0.0014822246322417107,,
