subfield,method,group,share_all,n_quant,x_quant,share_quant,ci_low,ci_high,rest_share_quant,p_vs_rest,label,all_x,all_n,q_vs_rest,contrast,early_x,early_n,late_x,late_n,early_share,late_share,p_trend,q_trend
clinical,Scale development / psychometric validation,Measurement,0.03454731109598366,2198,203,0.09235668789808917,0.08095363501460236,0.1051821365815628,0.05003166561114629,7.477204768195674e-11,Scale development,440,6935,5.04711321853208e-10,More common than elsewhere,60,1931,89,2368,0.0310719834282755,0.03758445945945946,0.27590439321731425,0.5883302637112097
clinical,Factor analysis (EFA/CFA),Measurement,0.01786929884275017,2198,105,0.04777070063694268,0.03961627348703492,0.05750309812746081,0.03778762930124551,0.05874499654520302,Factor analysis,284,6935,0.11694956286666622,No clear difference,36,1931,42,2368,0.0186431900569653,0.01773648648648648,0.8195785102185899,0.9773055800730852
clinical,IRT / Rasch / DIF,Measurement,0.00306330837304288,2198,18,0.00818926296633303,0.00518638605458357,0.01290822231087908,0.008655267046654,0.8893218397962117,IRT / Rasch,59,6935,0.92352652594222,No clear difference,6,1931,6,2368,0.00310719834282755,0.00253378378378378,0.7769168632790854,0.9773055800730852
clinical,"Reliability (alpha, omega, ICC)",Measurement,0.02893124574540503,2198,170,0.07734303912647862,0.06689810525372096,0.08926275614453512,0.1051298290056998,2.3439092243407323e-4,Reliability,668,6935,7.031727673022197e-4,Less common than elsewhere,46,1931,77,2368,0.02382185396167788,0.03251689189189189,0.09784802129950734,0.3774137964409569
clinical,t test,Analysis,0.01701837985023826,2198,100,0.04549590536851683,0.03754858956159003,0.05502912899261643,0.05636478784040532,0.06497197937037012,t test,367,6935,0.11694956286666622,No clear difference,38,1931,38,2368,0.01967892283790782,0.01604729729729729,0.4157106990022571,0.7015118045663089
clinical,ANOVA / ANCOVA / MANOVA,Analysis,0.02178352620830496,2198,128,0.05823475887170155,0.04919339891847954,0.06881757677334677,0.05340933080008444,0.42789447723141594,ANOVA family,381,6935,0.5424388687128715,No clear difference,45,1931,43,2368,0.02330398757120663,0.01815878378378378,0.2788544873622253,0.5883302637112097
clinical,Correlation,Analysis,0.08917631041524847,2198,524,0.2383985441310282,0.2210511164228746,0.2566587816438608,0.22947012877348533,0.4269192433964776,Correlation,1611,6935,0.5424388687128715,No clear difference,190,1931,189,2368,0.0983946141895391,0.07981418918918919,0.034912269210640556,0.20476194675972334
clinical,Linear / multiple / hierarchical regression,Analysis,0.06313818924438394,2198,371,0.16878980891719744,0.1537116998155005,0.18502361460638364,0.106185349377243,8.936037057700572e-13,Linear regression,874,6935,1.2063650027895773e-11,More common than elsewhere,142,1931,130,2368,0.0735370274469187,0.05489864864864865,0.013953639088940019,0.16009982800389513
clinical,Logistic / ordinal / multinomial regression,Analysis,0.02484683458134785,2198,146,0.06642402183803457,0.05675157700554954,0.07760934970331808,0.03419886003799873,4.231353621605745e-9,Logistic regression,308,6935,1.9041091297225854e-8,More common than elsewhere,70,1931,51,2368,0.03625064733298809,0.02153716216216216,0.004000652873597992,0.10801762758714578
clinical,"Count models (Poisson, negative binomial)",Analysis,0.00340367597004765,2198,20,0.00909918107370336,0.00589804720754044,0.01401322238203791,0.00337766518893814,0.0034553666461786072,Count models,36,6935,0.007774574953901867,More common than elsewhere,8,1931,9,2368,0.00414293112377006,0.00380067567567567,1,1
clinical,Chi-square / nonparametric,Analysis,0.01531654186521443,2198,90,0.04094631483166515,0.0334313405165999,0.05006307191702805,0.03926535782140595,0.7415944164135583,Chi-square / nonparametric,276,6935,0.800921969726643,No clear difference,36,1931,31,2368,0.0186431900569653,0.01309121621621621,0.17296173578070773,0.558272948946516
clinical,Mediation,Analysis,0.07539142273655548,2198,443,0.20154686078252956,0.1853035688705112,0.21883154961953827,0.14249525015832806,9.390158540063106e-10,Mediation,1118,6935,5.070685611634077e-9,More common than elsewhere,168,1931,167,2368,0.08700155359917142,0.07052364864864864,0.04550265483549407,0.20476194675972334
clinical,Moderation / interactions,Analysis,0.06790333560245064,2198,399,0.18152866242038215,0.16597457007854197,0.19819400148096203,0.11969601013299556,1.2947117487431323e-11,Moderation,966,6935,1.165240573868819e-10,More common than elsewhere,140,1931,156,2368,0.07250129466597618,0.06587837837837837,0.39726428628508026,0.7015118045663089
clinical,SEM / path analysis,Analysis,0.02654867256637168,2198,156,0.07097361237488627,0.0609705299704353,0.08247370285901086,0.06607557525860248,0.47185940611939664,SEM / path analysis,469,6935,0.5539219115314656,No clear difference,54,1931,54,2368,0.02796478508544795,0.02280405405405405,0.2832701269720639,0.5883302637112097
clinical,Multilevel / mixed-effects models,Analysis,0.02042205582028591,2198,120,0.0545950864422202,0.04585095729033353,0.06489337350502995,0.04813172894236858,0.26145489981433795,Multilevel models,348,6935,0.4064768955047041,No clear difference,40,1931,52,2368,0.02071465561885033,0.02195945945945946,0.8325195682104058,0.9773055800730852
clinical,Growth curve / trajectories,Analysis,0.01123213070115725,2198,66,0.03002729754322111,0.023671822599201,0.03802265514503851,0.01752163816761663,0.0012725402834977543,Growth models,149,6935,0.003435858765443937,More common than elsewhere,20,1931,33,2368,0.01035732780942516,0.01393581081081081,0.3317729777761794,0.6398478857112032
clinical,Latent profile / class / mixture,Analysis,0.00816882232811436,2198,48,0.02183803457688808,0.01651078638907168,0.0288337403381265,0.01541059742453029,0.06125312050543785,Latent profile / class,121,6935,0.11694956286666622,No clear difference,9,1931,27,2368,0.00466079751424132,0.01140202702702702,0.01778886977821057,0.16009982800389513
clinical,Cluster analysis,Analysis,0.00374404356705241,2198,22,0.0100090991810737,0.00661914958952911,0.01510878122416495,0.01034409964112307,1,Cluster analysis,71,6935,1,No clear difference,3,1931,13,2368,0.00155359917141377,0.00548986486486486,0.04286289409943959,0.20476194675972334
clinical,Network analysis (psychometric networks),Analysis,0.00459496255956432,2198,27,0.01228389444949954,0.00845590800840424,0.01781367586557907,0.02279924002533248,0.002705000528613456,Network analysis,135,6935,0.00663954675205121,Less common than elsewhere,6,1931,15,2368,0.00310719834282755,0.00633445945945946,0.186090982982172,0.558272948946516
clinical,Machine learning / NLP,Analysis,0.00850918992511913,2198,50,0.02274795268425841,0.01729745243452471,0.02986373551678918,0.10344099641123074,1.4980045259680656e-37,Machine learning / NLP,540,6935,4.044612220113777e-36,Less common than elsewhere,17,1931,17,2368,0.00880372863801139,0.00717905405405405,0.6053206392966142,0.9079809589449213
clinical,Bayesian,Analysis,0.00204220558202859,2198,12,0.00545950864422202,0.00312584547868803,0.00951877921442751,0.01646611779607346,8.386050370718906e-5,Bayesian,90,6935,3.234619428705864e-4,Less common than elsewhere,4,1931,7,2368,0.00207146556188503,0.00295608108108108,0.7637572878981453,0.9773055800730852
clinical,Survival / time-to-event,Analysis,0.00238257317903335,2198,14,0.00636942675159235,0.00379795006573153,0.01066333585149972,0.00422208148617268,0.26744522317943514,Survival analysis,34,6935,0.4064768955047041,No clear difference,6,1931,5,2368,0.00310719834282755,0.00211148648648648,0.556920129478477,0.884520205642287
clinical,Missing data / multiple imputation,Analysis,0.00119128658951667,2198,7,0.00318471337579617,0.00154353186028342,0.00655943977254286,0.00232214481739497,0.6123618624110837,Missing data methods,18,6935,0.6889070952124692,No clear difference,1,1931,2,2368,5.1786639047125e-4,8.4459459459459e-4,1,1
clinical,Dyadic / APIM,Analysis,0.01906058543226685,2198,112,0.05095541401273885,0.0425201892804942,0.06095749661840649,0.04475406375343044,0.2709845970031361,Dyadic (APIM),324,6935,0.4064768955047041,No clear difference,44,1931,42,2368,0.02278612118073537,0.01773648648648648,0.2735475867672513,0.5883302637112097
clinical,"Time series / dynamic models (VAR, DSEM)",Analysis,0.00323349217154526,2198,19,0.00864422202001819,0.00554095015376456,0.01346198882375594,0.01097741186404897,0.441987226358636,Time series,71,6935,0.5424388687128715,No clear difference,6,1931,9,2368,0.00310719834282755,0.00380067567567567,0.798480703088993,0.9773055800730852
clinical,"Text analysis (LIWC, sentiment, topic models)",Analysis,0.00119128658951667,2198,7,0.00318471337579617,0.00154353186028342,0.00655943977254286,0.01182182816128351,1.9160609205605016e-4,Text analysis,63,6935,6.466705606891693e-4,Less common than elsewhere,2,1931,3,2368,0.00103573278094251,0.00126689189189189,1,1
clinical,Power analysis reported,Analysis,0,2198,0,0,0,0.00174465734842133,8.4441629723453e-4,0.3146139081027851,Power analysis,4,6935,0.4470829220407999,No clear difference,0,1931,0,2368,0,0,1,1
social,Scale development / psychometric validation,Measurement,0.01949221949221949,1900,119,0.06263157894736843,0.05259445611424238,0.07443369413068554,0.0637537239324727,0.9120636461660292,Scale development,440,6935,1,No clear difference,43,1789,53,2777,0.02403577417551704,0.01908534389629096,0.29060696857598284,0.6454922427657303
social,Factor analysis (EFA/CFA),Measurement,0.01474201474201474,1900,90,0.04736842105263158,0.03869610185339178,0.0578673267996022,0.03853028798411122,0.10299851159933565,Factor analysis,284,6935,0.21391998562938944,No clear difference,34,1789,43,2777,0.01900503074343208,0.01548433561397191,0.4100665374057189,0.73444931131053
social,IRT / Rasch / DIF,Measurement,0.00163800163800163,1900,10,0.00526315789473684,0.00286136445259851,0.00966145291230188,0.00973187686196623,0.07845770785183193,IRT / Rasch,59,6935,0.1925780101817693,No clear difference,3,1789,4,2777,0.00167691447736165,0.00144040331292761,1,1
social,"Reliability (alpha, omega, ICC)",Measurement,0.02571662571662571,1900,157,0.08263157894736842,0.07107770350477555,0.0958697371019968,0.10148957298907646,0.01762681485728823,Reliability,668,6935,0.05949050014334778,No clear difference,32,1789,98,2777,0.01788708775852431,0.03528988116672668,4.923908039260522e-4,0.01329455170600341
social,t test,Analysis,0.01015561015561015,1900,62,0.03263157894736842,0.02553826210018254,0.04161095260197869,0.0605759682224429,1.7742279597375565e-6,t test,367,6935,4.790415491291403e-5,Less common than elsewhere,22,1789,27,2777,0.01229737283398546,0.00972272236226143,0.4624310478621856,0.73444931131053
social,ANOVA / ANCOVA / MANOVA,Analysis,0.01785421785421785,1900,109,0.05736842105263157,0.04777766314771167,0.06874541068620454,0.05402184707050645,0.5950003985741096,ANOVA family,381,6935,0.7302277618864073,No clear difference,42,1789,33,2777,0.02347680268306316,0.01188332733165286,0.003897674268958244,0.0526186026309363
social,Correlation,Analysis,0.0687960687960688,1900,420,0.22105263157894736,0.20296746422242704,0.24026348599395295,0.2365441906653426,0.1806077672102249,Correlation,1611,6935,0.3095338339794459,No clear difference,138,1789,182,2777,0.0771380659586361,0.0655383507382067,0.13791634579147155,0.5261090794483149
social,Linear / multiple / hierarchical regression,Analysis,0.03570843570843571,1900,218,0.11473684210526316,0.10117715769443962,0.12985124901950407,0.13028798411122144,0.08836496132080632,Linear regression,874,6935,0.1988211629718142,No clear difference,75,1789,98,2777,0.04192286193404136,0.03528988116672668,0.2665621298225697,0.6454922427657303
social,Logistic / ordinal / multinomial regression,Analysis,0.01506961506961507,1900,92,0.04842105263157895,0.03964715209706354,0.05901729183813277,0.04289970208540218,0.3270948182820598,Logistic regression,308,6935,0.49064222742308966,No clear difference,30,1789,41,2777,0.01676914477361654,0.0147641339575081,0.624828264114675,0.8435181565548112
social,"Count models (Poisson, negative binomial)",Analysis,0.00131040131040131,1900,8,0.00421052631578947,0.00213507117096367,0.00828673091173438,0.00556107249255213,0.5769081881359681,Count models,36,6935,0.7302277618864073,No clear difference,2,1789,5,2777,0.00111794298490776,0.00180050414115952,0.7117414164731936,0.8735008293080103
social,Chi-square / nonparametric,Analysis,0.009009009009009,1900,55,0.02894736842105263,0.02230698725315628,0.03748867396129676,0.0438927507447865,0.004638670138449199,Chi-square / nonparametric,276,6935,0.025048818747625677,Less common than elsewhere,24,1789,18,2777,0.01341531581889323,0.00648181490817428,0.024941641495776715,0.13468486407719427
social,Mediation,Analysis,0.05913185913185913,1900,361,0.19,0.17299253106666293,0.208258468324748,0.1503475670307845,7.619492185253953e-5,Mediation,1118,6935,0.0010286314450092837,More common than elsewhere,126,1789,145,2777,0.07043040804918949,0.05221462009362621,0.012273286677542275,0.08284468507341036
social,Moderation / interactions,Analysis,0.04897624897624898,1900,299,0.15736842105263155,0.14168790678658413,0.1744316188565543,0.13247269116186694,0.008187871523088155,Moderation,966,6935,0.0368454218538967,More common than elsewhere,97,1789,127,2777,0.05422023476802683,0.04573280518545192,0.20659234055752812,0.6197770216725844
social,SEM / path analysis,Analysis,0.0226044226044226,1900,138,0.07263157894736842,0.06180411487295714,0.08518368055289299,0.06573982125124131,0.3086676471079875,SEM / path analysis,469,6935,0.49023685128915656,No clear difference,47,1789,58,2777,0.02627166014533259,0.02088584803745048,0.26585855487915616,0.6454922427657303
social,Multilevel / mixed-effects models,Analysis,0.0131040131040131,1900,80,0.04210526315789473,0.03396088132353806,0.05209747091844422,0.053227408142999,0.0641239100261972,Multilevel models,348,6935,0.1744009469127156,No clear difference,30,1789,36,2777,0.01676914477361654,0.01296362981634857,0.3107925613316479,0.6454922427657303
social,Growth curve / trajectories,Analysis,0.00458640458640458,1900,28,0.01473684210526315,0.01021546529791681,0.02121648960680463,0.02403177755710029,0.01579193462744787,Growth models,149,6935,0.05949050014334778,No clear difference,7,1789,15,2777,0.00391280044717719,0.00540151242347857,0.5208900736410701,0.7813351104616051
social,Latent profile / class / mixture,Analysis,0.0054054054054054,1900,33,0.01736842105263157,0.0123937480303326,0.0242907450798947,0.01747765640516385,1,Latent profile / class,121,6935,1,No clear difference,13,1789,15,2777,0.0072666294019005,0.00540151242347857,0.44266415068912696,0.73444931131053
social,Cluster analysis,Analysis,0.00327600327600327,1900,20,0.01052631578947368,0.0068244670400611,0.01620342673585098,0.01012909632571996,0.8938104384635158,Cluster analysis,71,6935,1,No clear difference,8,1789,8,2777,0.00447177193963107,0.00288080662585523,0.4441054375774382,0.73444931131053
social,Network analysis (psychometric networks),Analysis,0.00475020475020475,1900,29,0.01526315789473684,0.0106480510217707,0.02183441152405191,0.02105263157894736,0.14328862911945955,Network analysis,135,6935,0.2763423561589577,No clear difference,12,1789,15,2777,0.00670765790944661,0.00540151242347857,0.5607493703310023,0.7968543683651085
social,Machine learning / NLP,Analysis,0.02964782964782964,1900,181,0.09526315789473684,0.08286723616469772,0.10929238782850267,0.07130089374379345,0.0010826534479239452,Machine learning / NLP,540,6935,0.00730791077348663,More common than elsewhere,41,1789,92,2777,0.02291783119060927,0.03312927619733525,0.04739773533518547,0.21328980900833464
social,Bayesian,Analysis,0.00442260442260442,1900,27,0.01421052631578947,0.00978457093380458,0.0205968763298157,0.0125124131082423,0.5542630327994948,Bayesian,90,6935,0.7302277618864073,No clear difference,10,1789,13,2777,0.00558971492453884,0.00468131076701476,0.673869448155723,0.8664035762002154
social,Survival / time-to-event,Analysis,0.00114660114660114,1900,7,0.00368421052631578,0.00178577303470763,0.00758552140688925,0.00536246276067527,0.4445729761378385,Survival analysis,34,6935,0.63176159766956,No clear difference,5,1789,0,2777,0.00279485746226942,0,0.009202249583968387,0.08282024625571548
social,Missing data / multiple imputation,Analysis,3.2760032760032e-4,1900,2,0.00105263157894736,2.8871702225781e-4,0.00383003921383322,0.00317775571002979,0.18342745717300496,Missing data methods,18,6935,0.3095338339794459,No clear difference,1,1789,1,2777,5.5897149245388e-4,3.601008282319e-4,1,1
social,Dyadic / APIM,Analysis,0.01932841932841933,1900,118,0.06210526315789474,0.05211176046240807,0.07386588214141863,0.04091360476663357,2.693082833581566e-4,Dyadic (APIM),324,6935,0.0024237745502234094,More common than elsewhere,35,1789,57,2777,0.01956400223588597,0.02052574720921858,0.9141587271985195,1
social,"Time series / dynamic models (VAR, DSEM)",Analysis,0.00311220311220311,1900,19,0.01,0.00641123204353712,0.01556615409127379,0.01032770605759682,0.9999999999999999,Time series,71,6935,1,No clear difference,6,1789,10,2777,0.0033538289547233,0.00360100828231904,0.9999999999999999,1
social,"Text analysis (LIWC, sentiment, topic models)",Analysis,0.00393120393120393,1900,24,0.01263157894736842,0.00850298090510609,0.01872694343521067,0.00774577954319761,0.06459294330100578,Text analysis,63,6935,0.1744009469127156,No clear difference,4,1789,15,2777,0.00223588596981553,0.00540151242347857,0.15588417168838958,0.5261090794483149
social,Power analysis reported,Analysis,1.6380016380016e-4,1900,1,5.2631578947368e-4,9.291370187499651e-5,0.00297533489311487,5.9582919563058e-4,0.9999999999999999,Power analysis,4,6935,1,No clear difference,0,1789,0,2777,0,0,1,1
developmental_educational,Scale development / psychometric validation,Measurement,0.00987466767945309,1337,52,0.03889304412864622,0.02978152799710393,0.05064666742226455,0.06931046802429439,2.01109360884927e-5,Scale development,440,6935,6.03328082654781e-5,Less common than elsewhere,15,1303,21,2296,0.01151189562547966,0.00914634146341463,0.4905206020888487,0.9460040183142082
developmental_educational,Factor analysis (EFA/CFA),Measurement,0.00683630839346752,1337,36,0.02692595362752431,0.01951193436633151,0.03705065055297191,0.04430153626295105,0.0034128831169986697,Factor analysis,284,6935,0.00921478441589641,Less common than elsewhere,9,1303,19,2296,0.00690713737528779,0.00827526132404181,0.6988654938263523,1
developmental_educational,IRT / Rasch / DIF,Measurement,0.00341815419673376,1337,18,0.01346297681376215,0.00853275715836589,0.02118101594836435,0.00732404430153626,0.044528184022483784,IRT / Rasch,59,6935,0.08587578347193302,No clear difference,2,1303,9,2296,0.00153491941673062,0.0039198606271777,0.3468570565203351,0.8643570450728806
developmental_educational,"Reliability (alpha, omega, ICC)",Measurement,0.04025826053930877,1337,212,0.15856394913986538,0.1399665508440711,0.1791177495759479,0.08145766345123258,6.050956376687573e-16,Reliability,668,6935,4.084395554264112e-15,More common than elsewhere,38,1303,114,2296,0.02916346891788181,0.04965156794425087,0.003259512285939772,0.08800683172037384
developmental_educational,t test,Analysis,0.03114318268135207,1337,164,0.12266267763649964,0.10615152253742972,0.1413359463823941,0.03626295105394784,3.143447763279874e-30,t test,367,6935,8.487308960855659e-29,More common than elsewhere,37,1303,83,2296,0.0283960092095165,0.03614982578397213,0.24630356326157407,0.7389106897847222
developmental_educational,ANOVA / ANCOVA / MANOVA,Analysis,0.01405241169768325,1337,74,0.05534779356768885,0.04431659719551269,0.06892681266144524,0.0548410146480886,0.9467487291105341,ANOVA family,381,6935,0.9467487291105341,No clear difference,22,1303,30,2296,0.01688411358403684,0.01306620209059233,0.38415868669905806,0.8643570450728806
developmental_educational,Correlation,Analysis,0.05488036460311431,1337,289,0.2161555721765146,0.1949215897606498,0.23901596119093224,0.2361557699178278,0.12134165631257345,Correlation,1611,6935,0.2047640450274677,No clear difference,85,1303,121,2296,0.06523407521105141,0.05270034843205574,0.13518566358853107,0.656405766378962
developmental_educational,Linear / multiple / hierarchical regression,Analysis,0.02316748955563995,1337,122,0.0912490650710546,0.07696238409307357,0.1078778572640795,0.13433369060378705,1.2642442301111459e-5,Linear regression,874,6935,4.266824276625117e-5,Less common than elsewhere,32,1303,62,2296,0.02455871066768994,0.02700348432055749,0.7444405606605422,1
developmental_educational,Logistic / ordinal / multinomial regression,Analysis,0.00417774401823015,1337,22,0.01645474943904263,0.01089129880715347,0.02478887692459303,0.0510896748838871,1.3464703963495375e-9,Logistic regression,308,6935,7.2709401402875035e-9,Less common than elsewhere,8,1303,13,2296,0.00613967766692248,0.00566202090592334,0.8241935141901751,1
developmental_educational,"Count models (Poisson, negative binomial)",Analysis,3.7979491074819e-4,1337,2,0.00149588631264023,4.1032187512877e-4,0.00543784073153641,0.00607359771346909,0.03350264144624839,Count models,36,6935,0.06958240915759283,No clear difference,0,1303,1,2296,0,4.3554006968641e-4,1,1
developmental_educational,Chi-square / nonparametric,Analysis,0.01785036080516521,1337,94,0.07030665669409125,0.05779799650244079,0.08527742647959843,0.03251161128974634,3.1335591995974296e-9,Chi-square / nonparametric,276,6935,1.4101016398188433e-8,More common than elsewhere,21,1303,53,2296,0.01611665387567152,0.02308362369337979,0.17918614187201004,0.656405766378962
developmental_educational,Mediation,Analysis,0.02145841245727307,1337,113,0.08451757666417352,0.07077167165578582,0.10064416379508064,0.1795284030010718,2.1004908377621125e-19,Mediation,1118,6935,1.890441753985901e-18,Less common than elsewhere,30,1303,54,2296,0.02302379125095932,0.0235191637630662,1,1
developmental_educational,Moderation / interactions,Analysis,0.01614128370679832,1337,85,0.06357516828721017,0.05170589951927374,0.07794511755647891,0.15737763486959627,1.2538370800661111e-21,Moderation,966,6935,1.69268005808925e-20,Less common than elsewhere,18,1303,46,2296,0.01381427475057559,0.02003484320557491,0.19111272245019478,0.656405766378962
developmental_educational,SEM / path analysis,Analysis,0.01519179642992783,1337,80,0.05983545250560957,0.04833879761776673,0.07385421617671557,0.06948910325116113,0.2253476255222846,SEM / path analysis,469,6935,0.3042192944550842,No clear difference,15,1303,42,2296,0.01151189562547966,0.01829268292682926,0.12784729331037925,0.656405766378962
developmental_educational,Multilevel / mixed-effects models,Analysis,0.0091150778579567,1337,48,0.03590127150336574,0.02718445407650142,0.04727733871785079,0.05359056806002144,0.007907564910012243,Multilevel models,348,6935,0.01940947750639369,Less common than elsewhere,16,1303,23,2296,0.01227935533384497,0.01001742160278745,0.6156416899877121,1
developmental_educational,Growth curve / trajectories,Analysis,0.00569692366122294,1337,30,0.02243829468960359,0.01576196668712769,0.03185101429465133,0.02125759199714183,0.7536665874912228,Growth models,149,6935,0.7913991518246581,No clear difference,9,1303,11,2296,0.00690713737528779,0.00479094076655052,0.48513354640090967,0.9460040183142082
developmental_educational,Latent profile / class / mixture,Analysis,0.00322825674135966,1337,17,0.01271503365744203,0.00795366324152379,0.02026850920895238,0.01857806359414076,0.16276089131485097,Latent profile / class,121,6935,0.24414133697227647,No clear difference,3,1303,13,2296,0.00230237912509593,0.00566202090592334,0.19449059744561836,0.656405766378962
developmental_educational,Cluster analysis,Analysis,0.00227876946448917,1337,12,0.00897531787584143,0.00514165138498229,0.01562251778422355,0.01053947838513754,0.7620880721274486,Cluster analysis,71,6935,0.7913991518246581,No clear difference,5,1303,6,2296,0.00383729854182655,0.00261324041811846,0.5407946349455534,0.973430342901996
developmental_educational,Network analysis (psychometric networks),Analysis,0.00360805165210786,1337,19,0.01421091997008227,0.00911638044677335,0.02208899331621095,0.02072168631654162,0.15110174677485647,Network analysis,135,6935,0.23998512723065438,No clear difference,5,1303,7,2296,0.00383729854182655,0.00304878048780487,0.7663074424818741,1
developmental_educational,Machine learning / NLP,Analysis,0.01139384732244588,1337,60,0.04487658937920718,0.03502253877762462,0.05733846189177638,0.0857449088960343,1.4802288126794852e-7,Machine learning / NLP,540,6935,5.709453991763729e-7,Less common than elsewhere,15,1303,27,2296,0.01151189562547966,0.0117595818815331,1,1
developmental_educational,Bayesian,Analysis,0.00151917964299278,1337,8,0.00598354525056095,0.00303502791424507,0.0117627386299445,0.01464808860307252,0.010070543887831079,Bayesian,90,6935,0.022658723747619926,Less common than elsewhere,0,1303,5,2296,0,0.00217770034843205,0.16639645195833777,0.656405766378962
developmental_educational,Survival / time-to-event,Analysis,7.5958982149639e-4,1337,4,0.00299177262528047,0.00116403819900087,0.00766732572017245,0.00535905680600214,0.38207261418199673,Survival analysis,34,6935,0.4912362182339958,No clear difference,0,1303,1,2296,0,4.3554006968641e-4,1,1
developmental_educational,Missing data / multiple imputation,Analysis,3.7979491074819e-4,1337,2,0.00149588631264023,4.1032187512877e-4,0.00543784073153641,0.0028581636298678,0.553306307806454,Missing data methods,18,6935,0.6474614205270637,No clear difference,1,1303,1,2296,7.6745970836531e-4,4.3554006968641e-4,0.9999999999999999,1
developmental_educational,Dyadic / APIM,Analysis,0.01101405241169768,1337,58,0.04338070306656694,0.03370691967721333,0.05567087967967953,0.04751697034655234,0.5641457191418052,Dyadic (APIM),324,6935,0.6474614205270637,No clear difference,20,1303,22,2296,0.01534919416730621,0.00958188153310104,0.14548998308541658,0.656405766378962
developmental_educational,"Time series / dynamic models (VAR, DSEM)",Analysis,0.00151917964299278,1337,8,0.00598354525056095,0.00303502791424507,0.0117627386299445,0.0112540192926045,0.09595358705752313,Time series,71,6935,0.17271645670354163,No clear difference,3,1303,5,2296,0.00230237912509593,0.00217770034843205,1,1
developmental_educational,"Text analysis (LIWC, sentiment, topic models)",Analysis,0.00151917964299278,1337,8,0.00598354525056095,0.00303502791424507,0.0117627386299445,0.00982493747767059,0.2028817171237028,Text analysis,63,6935,0.2883055980178934,No clear difference,1,1303,4,2296,7.6745970836531e-4,0.00174216027874564,0.6594339393603128,1
developmental_educational,Power analysis reported,Analysis,1.8989745537409e-4,1337,1,7.4794315632011e-4,1.3204253466678e-4,0.00422451941574434,5.3590568060021e-4,0.5755212626907232,Power analysis,4,6935,0.6474614205270637,No clear difference,1,1303,0,2296,7.6745970836531e-4,0,0.36204501250347315,0.8643570450728806
experimental_cognitive,Scale development / psychometric validation,Measurement,0.0172927847346452,1200,58,0.04833333333333333,0.03757401093481278,0.06197519298832017,0.06660854402789887,0.018874887898553502,Scale development,440,6935,0.0364015695186389,Less common than elsewhere,10,960,28,1558,0.01041666666666666,0.01797175866495507,0.17730579359859716,0.6125364648729795
experimental_cognitive,Factor analysis (EFA/CFA),Measurement,0.01371496720333929,1200,46,0.03833333333333333,0.02886105862877068,0.05075196530742056,0.04149956408020924,0.6887450982542315,Factor analysis,284,6935,0.7748382355360104,No clear difference,11,960,22,1558,0.01145833333333333,0.01412066752246469,0.7187322655553744,0.8758928574835328
experimental_cognitive,IRT / Rasch / DIF,Measurement,0.00268336314847942,1200,9,0.0075,0.00395074400815915,0.01419239163496182,0.00871839581517,0.8625389663283993,IRT / Rasch,59,6935,0.8625389663283993,No clear difference,0,960,6,1558,0,0.00385109114249037,0.08872072118953442,0.4790918944234859
experimental_cognitive,"Reliability (alpha, omega, ICC)",Measurement,0.0295169946332737,1200,99,0.0825,0.06823372757156443,0.0994307579736194,0.09921534437663468,0.07590708060923673,Reliability,668,6935,0.12809319852808698,No clear difference,23,960,51,1558,0.02395833333333333,0.03273427471116817,0.2257385656094075,0.6125364648729795
experimental_cognitive,t test,Analysis,0.00745378652355396,1200,25,0.02083333333333333,0.01415064923564717,0.03057405972339608,0.05963382737576286,2.5858340722857847e-9,t test,367,6935,2.3272506650572063e-8,Less common than elsewhere,8,960,13,1558,0.00833333333333333,0.00834403080872914,0.9999999999999999,1
experimental_cognitive,ANOVA / ANCOVA / MANOVA,Analysis,0.01639833035181872,1200,55,0.04583333333333333,0.03538084876581457,0.05918431016058295,0.05684394071490845,0.14321300513799365,ANOVA family,381,6935,0.2148195077069905,No clear difference,17,960,24,1558,0.01770833333333333,0.01540436456996149,0.7461309526711576,0.8758928574835328
experimental_cognitive,Correlation,Analysis,0.0936195587358378,1200,314,0.26166666666666666,0.23758627756171463,0.28726809941617476,0.22615518744551005,0.00852457545116909,Correlation,1611,6935,0.019180294765130453,More common than elsewhere,97,960,134,1558,0.10104166666666668,0.08600770218228498,0.22686535736036278,0.6125364648729795
experimental_cognitive,Linear / multiple / hierarchical regression,Analysis,0.03428741800834824,1200,115,0.09583333333333334,0.08044486086726149,0.1138011979938446,0.13234524847428072,3.9755473698209416e-4,Linear regression,874,6935,0.001533425414073792,Less common than elsewhere,37,960,56,1558,0.03854166666666667,0.03594351732991014,0.7450252438081186,0.8758928574835328
experimental_cognitive,Logistic / ordinal / multinomial regression,Analysis,0.01132975551580202,1200,38,0.03166666666666667,0.02315702566857029,0.04316521160965982,0.04707933740191804,0.0168689639118665,Logistic regression,308,6935,0.03503554043233812,Less common than elsewhere,9,960,18,1558,0.009375,0.01155327342747111,0.6932413280003447,0.8758928574835328
experimental_cognitive,"Count models (Poisson, negative binomial)",Analysis,0.00149075730471079,1200,5,0.00416666666666666,0.00178102441275491,0.0097167179013855,0.0054054054054054,0.8245936008232344,Count models,36,6935,0.8563087393164358,No clear difference,2,960,2,1558,0.00208333333333333,0.00128369704749679,0.638582385182284,0.8758928574835328
experimental_cognitive,Chi-square / nonparametric,Analysis,0.00745378652355396,1200,25,0.02083333333333333,0.01415064923564717,0.03057405972339608,0.04376634699215344,9.072390962663427e-5,Chi-square / nonparametric,276,6935,4.082575933198542e-4,Less common than elsewhere,5,960,16,1558,0.00520833333333333,0.01026957637997432,0.25860522118198453,0.6135597272071467
experimental_cognitive,Mediation,Analysis,0.04710793082886106,1200,158,0.13166666666666663,0.11370539584327012,0.15197864130437705,0.16739319965126415,0.00215656777347269,Mediation,1118,6935,0.007278416235470328,Less common than elsewhere,42,960,79,1558,0.04375,0.05070603337612323,0.4446502750917553,0.8575398162483853
experimental_cognitive,Moderation / interactions,Analysis,0.04025044722719141,1200,135,0.1125,0.09584432352899404,0.13162870197701487,0.14489973844812554,0.002870642560851344,Moderation,966,6935,0.008611927682554033,Less common than elsewhere,37,960,69,1558,0.03854166666666667,0.04428754813863928,0.5402915371003265,0.8758928574835328
experimental_cognitive,SEM / path analysis,Analysis,0.02146690518783542,1200,72,0.06,0.04791538705752297,0.07489269351704196,0.06922406277244987,0.28231876434961173,SEM / path analysis,469,6935,0.40118982302313244,No clear difference,19,960,36,1558,0.01979166666666666,0.02310654685494223,0.674219927385057,0.8758928574835328
experimental_cognitive,Multilevel / mixed-effects models,Analysis,0.02385211687537269,1200,80,0.06666666666666667,0.053890931005682693,0.0822079362268434,0.04673060156931125,0.005599164223342174,Multilevel models,348,6935,0.013743403093658063,More common than elsewhere,23,960,43,1558,0.02395833333333333,0.027599486521181,0.6100010629477952,0.8758928574835328
experimental_cognitive,Growth curve / trajectories,Analysis,0.00685748360166964,1200,23,0.01916666666666666,0.01280526084085488,0.02859675145369808,0.02197035745422842,0.661121504445501,Growth models,149,6935,0.7748382355360104,No clear difference,6,960,12,1558,0.00625,0.00770218228498074,0.8096929372369316,0.910904554391548
experimental_cognitive,Latent profile / class / mixture,Analysis,0.00536672629695885,1200,18,0.015,0.00950901260194172,0.02358625803138554,0.01795989537925021,0.545167068895768,Latent profile / class,121,6935,0.6690686754629881,No clear difference,3,960,11,1558,0.003125,0.00706033376123234,0.2726932120920652,0.6135597272071467
experimental_cognitive,Cluster analysis,Analysis,0.00387596899224806,1200,13,0.01083333333333333,0.00634189466743834,0.0184466343046632,0.01011333914559721,0.7545758630150989,Cluster analysis,71,6935,0.8149419320563069,No clear difference,2,960,9,1558,0.00208333333333333,0.00577663671373555,0.22297011610960188,0.6125364648729795
experimental_cognitive,Network analysis (psychometric networks),Analysis,0.01759093619558735,1200,59,0.04916666666666666,0.03830703797206571,0.06290351428331238,0.01325196163905841,4.3822924266749317e-13,Network analysis,135,6935,5.916094776011158e-12,More common than elsewhere,10,960,35,1558,0.01041666666666666,0.02246469833119383,0.02953707002862185,0.26583363025759665
experimental_cognitive,Machine learning / NLP,Analysis,0.06618962432915922,1200,222,0.185,0.16404762708014278,0.20796270333119352,0.05544899738448125,1.5180996895666016e-42,Machine learning / NLP,540,6935,4.0988691618298245e-41,More common than elsewhere,48,960,121,1558,0.05,0.07766367137355584,0.006782901594385129,0.10648148958612204
experimental_cognitive,Bayesian,Analysis,0.01132975551580202,1200,38,0.03166666666666667,0.02315702566857029,0.04316521160965982,0.0090671316477768,2.162320838283015e-8,Bayesian,90,6935,1.4595665658410353e-7,More common than elsewhere,11,960,15,1558,0.01145833333333333,0.00962772785622593,0.6875962358523208,0.8758928574835328
experimental_cognitive,Survival / time-to-event,Analysis,0.00238521168753726,1200,8,0.00666666666666666,0.00338191165845201,0.01309987565242382,0.0045335658238884,0.3605888129343776,Survival analysis,34,6935,0.4867948974614098,No clear difference,0,960,6,1558,0,0.00385109114249037,0.08872072118953442,0.4790918944234859
experimental_cognitive,Missing data / multiple imputation,Analysis,0.00119260584376863,1200,4,0.00333333333333333,0.00129700849910335,0.00853938548279191,0.0024411508282476,0.5359033010159895,Missing data methods,18,6935,0.6690686754629881,No clear difference,1,960,3,1558,0.00104166666666666,0.00192554557124518,1,1
experimental_cognitive,Dyadic / APIM,Analysis,0.00924269528920691,1200,31,0.02583333333333333,0.01825827519535033,0.03643452375716378,0.05108979947689625,8.33709562665102e-5,Dyadic (APIM),324,6935,4.082575933198542e-4,Less common than elsewhere,7,960,17,1558,0.00729166666666666,0.01091142490372272,0.40653031048645166,0.8443321833180151
experimental_cognitive,"Time series / dynamic models (VAR, DSEM)",Analysis,0.00655933214072749,1200,22,0.01833333333333333,0.0121378347968567,0.02760282916545113,0.0085440278988666,0.004113082832463965,Time series,71,6935,0.011105323647652706,More common than elsewhere,3,960,12,1558,0.003125,0.00770218228498074,0.18705116704122735,0.6125364648729795
experimental_cognitive,"Text analysis (LIWC, sentiment, topic models)",Analysis,0.00536672629695885,1200,18,0.015,0.00950901260194172,0.02358625803138554,0.007846556233653,0.02770964010949511,Text analysis,63,6935,0.049877352197091204,More common than elsewhere,1,960,15,1558,0.00104166666666666,0.00962772785622593,0.00788751774712015,0.10648148958612204
experimental_cognitive,Power analysis reported,Analysis,5.9630292188431e-4,1200,2,0.00166666666666666,4.5717916059794e-4,0.00605651815680704,3.487358326068e-4,0.14084040208201276,Power analysis,4,6935,0.2148195077069905,No clear difference,0,960,1,1558,0,6.4184852374839e-4,0.9999999999999999,1
applied,Scale development / psychometric validation,Measurement,0.01131541725601131,300,8,0.02666666666666667,0.01357306973865956,0.051728943207005,0.06510926902788244,0.0050204824920452385,Scale development,440,6935,0.10068818196311247,No clear difference,0,189,2,336,0,0.00595238095238095,0.5383206106870229,1
applied,Factor analysis (EFA/CFA),Measurement,0.0099009900990099,300,7,0.02333333333333333,0.01134766023701069,0.04737197251813038,0.04174830444611906,0.1351976304792939,Factor analysis,284,6935,0.4562920028676169,No clear difference,2,189,4,336,0.01058201058201058,0.0119047619047619,1,1
applied,IRT / Rasch / DIF,Measurement,0.00565770862800565,300,4,0.01333333333333333,0.0051969617032773,0.0337755304802933,0.00828937452901281,0.32376731066114023,IRT / Rasch,59,6935,0.7947015807137079,No clear difference,1,189,1,336,0.00529100529100529,0.00297619047619047,0.9999999999999999,1
applied,"Reliability (alpha, omega, ICC)",Measurement,0.04243281471004243,300,30,0.1,0.0709479144023,0.13916646273488134,0.0961567445365486,0.8411998373522209,Reliability,668,6935,1,No clear difference,5,189,13,336,0.02645502645502645,0.03869047619047619,0.6189689344822168,1
applied,t test,Analysis,0.02263083451202263,300,16,0.05333333333333334,0.03309191239584069,0.08486914207401179,0.05290128108515448,0.8955542422400711,t test,367,6935,1,No clear difference,5,189,5,336,0.02645502645502645,0.01488095238095238,0.5072633656063932,1
applied,ANOVA / ANCOVA / MANOVA,Analysis,0.02121640735502121,300,15,0.05,0.0305316405120138,0.08084703376731518,0.05516201959306707,0.796114137616588,ANOVA family,381,6935,1,No clear difference,5,189,4,336,0.02645502645502645,0.0119047619047619,0.29428383010929243,1
applied,Correlation,Analysis,0.09052333804809053,300,64,0.21333333333333335,0.1707525953326151,0.2631627082823648,0.23315749811605124,0.484516886227002,Correlation,1611,6935,0.8176222455080658,No clear difference,19,189,26,336,0.10052910052910052,0.07738095238095238,0.41711923449251764,1
applied,Linear / multiple / hierarchical regression,Analysis,0.06789250353606789,300,48,0.16,0.1228535453248034,0.2057436752418007,0.12449133383571968,0.07505943125002955,Linear regression,874,6935,0.28951494910725684,No clear difference,11,189,22,336,0.0582010582010582,0.06547619047619048,0.8522482349177346,1
applied,Logistic / ordinal / multinomial regression,Analysis,0.01414427157001414,300,10,0.03333333333333333,0.01820494725409064,0.06026182607262088,0.04491333835719668,0.3923200023863145,Logistic regression,308,6935,0.8176222455080658,No clear difference,3,189,4,336,0.01587301587301587,0.0119047619047619,0.7063157816343177,1
applied,"Count models (Poisson, negative binomial)",Analysis,0.00141442715700141,300,1,0.00333333333333333,5.8865771534961e-4,0.01863669389665052,0.00527505651846269,1,Count models,36,6935,1,No clear difference,0,189,1,336,0,0.00297619047619047,1,1
applied,Chi-square / nonparametric,Analysis,0.01697312588401697,300,12,0.04,0.0230273213894913,0.06860421231826722,0.03978899773926149,1,Chi-square / nonparametric,276,6935,1,No clear difference,3,189,6,336,0.01587301587301587,0.01785714285714285,1,1
applied,Mediation,Analysis,0.06082036775106082,300,43,0.14333333333333334,0.10818474208123335,0.1875005775327533,0.16201959306706856,0.42271052670214626,Mediation,1118,6935,0.8176222455080658,No clear difference,12,189,18,336,0.06349206349206349,0.05357142857142857,0.69639956683601,1
applied,Moderation / interactions,Analysis,0.06789250353606789,300,48,0.16,0.1228535453248034,0.2057436752418007,0.1383571966842502,0.30582273502266144,Moderation,966,6935,0.7947015807137079,No clear difference,9,189,26,336,0.04761904761904761,0.07738095238095238,0.2073750827527266,1
applied,SEM / path analysis,Analysis,0.03253182461103253,300,23,0.07666666666666666,0.05162761162594241,0.11241010417757448,0.06721929163526752,0.48194870391864175,SEM / path analysis,469,6935,0.8176222455080658,No clear difference,3,189,16,336,0.01587301587301587,0.04761904761904761,0.0862561880933475,1
applied,Multilevel / mixed-effects models,Analysis,0.02828854314002828,300,20,0.06666666666666667,0.0435675153997471,0.10072305983219934,0.04943481537302185,0.1763599197741618,Multilevel models,348,6935,0.5290797593224854,No clear difference,4,189,9,336,0.02116402116402116,0.02678571428571428,0.7782078070965112,1
applied,Growth curve / trajectories,Analysis,0.00282885431400282,300,2,0.00666666666666666,0.00183014834146025,0.02397758346106338,0.02215523737754333,0.06765366644057008,Growth models,149,6935,0.28951494910725684,No clear difference,0,189,2,336,0,0.00595238095238095,0.5383206106870229,1
applied,Latent profile / class / mixture,Analysis,0.00707213578500707,300,5,0.01666666666666666,0.00713947730542863,0.03841539506866547,0.01748304446119065,1,Latent profile / class,121,6935,1,No clear difference,1,189,4,336,0.00529100529100529,0.0119047619047619,0.6586108619267705,1
applied,Cluster analysis,Analysis,0.00565770862800565,300,4,0.01333333333333333,0.0051969617032773,0.0337755304802933,0.01009796533534287,0.5498861017519378,Cluster analysis,71,6935,0.8733485145471952,No clear difference,1,189,1,336,0.00529100529100529,0.00297619047619047,0.9999999999999999,1
applied,Network analysis (psychometric networks),Analysis,0.00141442715700141,300,1,0.00333333333333333,5.8865771534961e-4,0.01863669389665052,0.02019593067068575,0.03105935989383813,Network analysis,135,6935,0.27262958700584833,No clear difference,1,189,0,336,0.00529100529100529,0,0.36,1
applied,Machine learning / NLP,Analysis,0.03818953323903819,300,27,0.09,0.0625902254259583,0.12777701113965256,0.0773172569706104,0.4396067046191719,Machine learning / NLP,540,6935,0.8176222455080658,No clear difference,2,189,20,336,0.01058201058201058,0.05952380952380952,0.005832254561854854,0.15747087317008104
applied,Bayesian,Analysis,0.00707213578500707,300,5,0.01666666666666666,0.00713947730542863,0.03841539506866547,0.01281085154483798,0.5954550356872272,Bayesian,90,6935,0.8931825535308409,No clear difference,1,189,3,336,0.00529100529100529,0.00892857142857142,1,1
applied,Survival / time-to-event,Analysis,0.00141442715700141,300,1,0.00333333333333333,5.8865771534961e-4,0.01863669389665052,0.00497362471740768,1,Survival analysis,34,6935,1,No clear difference,1,189,0,336,0.00529100529100529,0,0.36,1
applied,Missing data / multiple imputation,Analysis,0.00424328147100424,300,3,0.01,0.00340661841124046,0.02898349358180666,0.00226073850791258,0.040389568445310865,Missing data methods,18,6935,0.27262958700584833,No clear difference,0,189,1,336,0,0.00297619047619047,1,1
applied,Dyadic / APIM,Analysis,0.00707213578500707,300,5,0.01666666666666666,0.00713947730542863,0.03841539506866547,0.0480783722682743,0.007458383849119442,Dyadic (APIM),324,6935,0.10068818196311247,No clear difference,1,189,4,336,0.00529100529100529,0.0119047619047619,0.6586108619267705,1
applied,"Time series / dynamic models (VAR, DSEM)",Analysis,0.00424328147100424,300,3,0.01,0.00340661841124046,0.02898349358180666,0.01024868123587038,1,Time series,71,6935,1,No clear difference,1,189,2,336,0.00529100529100529,0.00595238095238095,1,1
applied,"Text analysis (LIWC, sentiment, topic models)",Analysis,0.00848656294200848,300,6,0.02,0.00919763150383555,0.04293962106078204,0.00859080633006782,0.053830895388794944,Text analysis,63,6935,0.28951494910725684,No clear difference,2,189,2,336,0.01058201058201058,0.00595238095238095,0.6215665086464839,1
applied,Power analysis reported,Analysis,0,300,0,0,8.6736173798840345e-19,0.01264297142147665,6.0286360211002e-4,1,Power analysis,4,6935,1,No clear difference,0,189,0,336,0,0,1,1
all,Scale development / psychometric validation,Measurement,0.02064952130655153,6935,440,0.06344628695025234,0.05794734394703711,0.06942859685213369,NA,NA,Scale development,440,6935,NA,No clear difference,128,6172,193,9335,0.02073882047958522,0.0206748794858061,1,1
all,Factor analysis (EFA/CFA),Measurement,0.01332832738877417,6935,284,0.04095169430425378,0.03653596053507588,0.04587570173880035,NA,NA,Factor analysis,284,6935,NA,No clear difference,92,6172,130,9335,0.01490602721970187,0.01392608462774504,0.6291407085583773,0.8940420595303257
all,IRT / Rasch / DIF,Measurement,0.00276891308428759,6935,59,0.00850757029560202,0.00660161894150045,0.01095771853627782,NA,NA,IRT / Rasch,59,6935,NA,No clear difference,12,6172,26,9335,0.00194426441996111,0.002785216925549,0.3245885239787615,0.6214909504030067
all,"Reliability (alpha, omega, ICC)",Measurement,0.03134972780176459,6935,668,0.09632299927901948,0.0896010192455582,0.10349194401365854,NA,NA,Reliability,668,6935,NA,No clear difference,144,6172,353,9335,0.02333117303953337,0.03781467595072308,3.5296924951270496e-7,9.530169736843033e-6
all,t test,Analysis,0.01722357799887366,6935,367,0.05291997116077866,0.04789413144815984,0.0584408328616103,NA,NA,t test,367,6935,NA,No clear difference,110,6172,166,9335,0.01782242384964355,0.01778253883235136,0.9999999999999999,1
all,ANOVA / ANCOVA / MANOVA,Analysis,0.01788060822226394,6935,381,0.05493871665465032,0.04981810501430649,0.0605521150605542,NA,NA,ANOVA family,381,6935,NA,No clear difference,131,6172,134,9335,0.0212248865845755,0.01435457953936797,0.0015100045200086613,0.009904109812678209
all,Correlation,Analysis,0.0756054064201239,6935,1611,0.23229992790194665,0.22251072035492184,0.24238554193860767,NA,NA,Correlation,1611,6935,NA,No clear difference,529,6172,652,9335,0.08570965651328581,0.0698446705945367,2.944384187524298e-4,0.002649945768771868
all,Linear / multiple / hierarchical regression,Analysis,0.04101745823165009,6935,874,0.12602739726027398,0.1184228599607548,0.13404600955622278,NA,NA,Linear regression,874,6935,NA,No clear difference,297,6172,368,9335,0.04812054439403759,0.03942153186930905,0.009531888338548102,0.032170123142599844
all,Logistic / ordinal / multinomial regression,Analysis,0.01445466491458607,6935,308,0.04441240086517664,0.03981085244018192,0.04951839114527809,NA,NA,Logistic regression,308,6935,NA,No clear difference,120,6172,127,9335,0.01944264419961114,0.01360471344402785,0.0048220072941093685,0.019798809913191898
all,"Count models (Poisson, negative binomial)",Analysis,0.00168950628871785,6935,36,0.00519105984138428,0.00375210806825639,0.00717788065258741,NA,NA,Count models,36,6935,NA,No clear difference,12,6172,18,9335,0.00194426441996111,0.00192822710230316,1,1
all,Chi-square / nonparametric,Analysis,0.01295288154683686,6935,276,0.03979812545061283,0.03544628056624147,0.04465952127044017,NA,NA,Chi-square / nonparametric,276,6935,NA,No clear difference,89,6172,124,9335,0.0144199611147116,0.01328334226031065,0.5730937868883514,0.8596406803325272
all,Mediation,Analysis,0.05246855641073775,6935,1118,0.161211247296323,0.15274453330244034,0.17005307954897234,NA,NA,Mediation,1118,6935,NA,No clear difference,378,6172,463,9335,0.06124432922877511,0.04959828602035351,0.0018340944097552238,0.009904109812678209
all,Moderation / interactions,Analysis,0.04533508541392904,6935,966,0.13929343907714492,0.13134368934327623,0.1476425752014391,NA,NA,Moderation,966,6935,NA,No clear difference,301,6172,424,9335,0.04876863253402463,0.04542046063202999,0.33170470215980613,0.6214909504030067
all,SEM / path analysis,Analysis,0.02201051248357424,6935,469,0.06762797404470079,0.06195419719547852,0.07378048768852272,NA,NA,SEM / path analysis,469,6935,NA,No clear difference,138,6172,206,9335,0.02235904082955282,0.02206748794858061,0.9113790927861588,1
all,Multilevel / mixed-effects models,Analysis,0.01633189412427257,6935,348,0.0501802451333814,0.04528645258182564,0.05557209318960735,NA,NA,Multilevel models,348,6935,NA,No clear difference,113,6172,163,9335,0.01830848995463383,0.01746116764863417,0.7099110826683234,0.9583799616022366
all,Growth curve / trajectories,Analysis,0.00699267880608222,6935,149,0.02148521989906272,0.0183282629536535,0.02517200444256395,NA,NA,Growth models,149,6935,NA,No clear difference,42,6172,73,9335,0.0068049254698639,0.00782003213711837,0.5042154539625684,0.8008127798229027
all,Latent profile / class / mixture,Analysis,0.00567861835930167,6935,121,0.01744772891131939,0.01462259886622007,0.02080715699981629,NA,NA,Latent profile / class,121,6935,NA,No clear difference,29,6172,70,9335,0.00469863901490602,0.00749866095340117,0.03884291316941868,0.11652873950825604
all,Cluster analysis,Analysis,0.00333208184719354,6935,71,0.01023792357606344,0.00812508088850743,0.01289304724506273,NA,NA,Cluster analysis,71,6935,NA,No clear difference,19,6172,37,9335,0.00307841866493843,0.00396357793251205,0.41352107496118584,0.6978168139970011
all,Network analysis (psychometric networks),Analysis,0.00633564858269194,6935,135,0.01946647440519106,0.01647091885012283,0.02299409278100407,NA,NA,Network analysis,135,6935,NA,No clear difference,34,6172,72,9335,0.00550874918988982,0.00771290840921264,0.11144910055695346,0.3009125715037744
all,Machine learning / NLP,Analysis,0.02534259433076778,6935,540,0.07786589762076424,0.07179041048718444,0.08440878577691878,NA,NA,Machine learning / NLP,540,6935,NA,No clear difference,123,6172,277,9335,0.01992871030460142,0.02967327262988752,1.5420745727378918e-4,0.002081800673196154
all,Bayesian,Analysis,0.00422376572179463,6935,90,0.0129776496034607,0.01057068943053396,0.01592385724137335,NA,NA,Bayesian,90,6935,NA,No clear difference,26,6172,43,9335,0.00421257290991574,0.00460632029994643,0.8055897491329378,0.9886783284813327
all,Survival / time-to-event,Analysis,0.00159564482823352,6935,34,0.00490266762797404,0.00351062263434113,0.00684290097720403,NA,NA,Survival analysis,34,6935,NA,No clear difference,12,6172,12,9335,0.00194426441996111,0.00128548473486877,0.3061740786427432,0.6214909504030067
all,Missing data / multiple imputation,Analysis,8.4475314435892e-4,6935,18,0.00259552992069214,0.00164247607955375,0.0040993266576022204,NA,NA,Missing data methods,18,6935,NA,No clear difference,4,6172,8,9335,6.4808813998703e-4,8.5698982324584e-4,0.773280215890422,0.9886783284813327
all,Dyadic / APIM,Analysis,0.01520555659846067,6935,324,0.04671953857245854,0.04199863104171223,0.05194233341813697,NA,NA,Dyadic (APIM),324,6935,NA,No clear difference,107,6172,142,9335,0.01733635774465327,0.01521156936261381,0.327616130485295,0.6214909504030067
all,"Time series / dynamic models (VAR, DSEM)",Analysis,0.00333208184719354,6935,71,0.01023792357606344,0.00812508088850743,0.01289304724506273,NA,NA,Time series,71,6935,NA,No clear difference,19,6172,38,9335,0.00307841866493843,0.00407070166041778,0.3452727502238926,0.6214909504030067
all,"Text analysis (LIWC, sentiment, topic models)",Analysis,0.00295663600525624,6935,63,0.00908435472242249,0.00710726138355272,0.01160500631282284,NA,NA,Text analysis,63,6935,NA,No clear difference,10,6172,39,9335,0.00162022034996759,0.00417782538832351,0.005133024792309011,0.019798809913191898
all,Power analysis reported,Analysis,1.8772292096865e-4,6935,4,5.7678442682047e-4,2.2432233982372e-4,0.00148222463224171,NA,NA,Power analysis,4,6935,NA,No clear difference,1,6172,1,9335,1.6202203499675e-4,1.0712372790573e-4,1,1
