subfield,method,early_n,early_x,late_n,late_x,early_quant_n,late_quant_n,early_share,late_share,p,rest_share_quant,p_vs_rest
clinical,Scale development / psychometric validation,1931,60,2368,89,807,831,0.031071983428275506,0.03758445945945946,0.245574014872461,,
clinical,Factor analysis (EFA/CFA),1931,36,2368,42,807,831,0.018643190056965304,0.017736486486486486,0.8246625004836887,,
clinical,IRT / Rasch / DIF,1931,6,2368,6,807,831,0.0031071983428275505,0.002533783783783784,0.7229942822921158,,
clinical,"Reliability (alpha, omega, ICC)",1931,46,2368,77,807,831,0.023821853961677887,0.03251689189189189,0.08894293202432468,,
clinical,t test,1931,38,2368,38,807,831,0.01967892283790782,0.016047297297297296,0.368774228228274,,
clinical,ANOVA / ANCOVA / MANOVA,1931,45,2368,43,807,831,0.02330398757120663,0.018158783783783782,0.23600020527848908,,
clinical,Correlation,1931,190,2368,189,807,831,0.0983946141895391,0.07981418918918919,0.03257630793643029,,
clinical,Linear / multiple / hierarchical regression,1931,142,2368,130,807,831,0.0735370274469187,0.05489864864864865,0.012528950942737982,,
clinical,Logistic / ordinal / multinomial regression,1931,70,2368,51,807,831,0.03625064733298809,0.02153716216216216,0.0037152503810329307,,
clinical,"Count models (Poisson, negative binomial)",1931,8,2368,9,807,831,0.004142931123770067,0.003800675675675676,0.8588361421262105,,
clinical,Chi-square / nonparametric,1931,36,2368,31,807,831,0.018643190056965304,0.013091216216216216,0.14378224827946484,,
clinical,Mediation,1931,168,2368,167,807,831,0.08700155359917142,0.07052364864864864,0.04498076850953203,,
clinical,Moderation / interactions,1931,140,2368,156,807,831,0.07250129466597618,0.06587837837837837,0.39362957713846836,,
clinical,SEM / path analysis,1931,54,2368,54,807,831,0.027964785085447953,0.022804054054054054,0.2821555746768274,,
clinical,Multilevel / mixed-effects models,1931,40,2368,52,807,831,0.020714655618850338,0.02195945945945946,0.7790673711909146,,
clinical,Growth curve / trajectories,1931,20,2368,33,807,831,0.010357327809425169,0.01393581081081081,0.2902208543197422,,
clinical,Latent profile / class / mixture,1931,9,2368,27,807,831,0.004660797514241326,0.011402027027027027,0.01583663768267707,,
clinical,Cluster analysis,1931,3,2368,13,807,831,0.0015535991714137752,0.005489864864864865,0.0350118985868062,,
clinical,Network analysis (psychometric networks),1931,6,2368,15,807,831,0.0031071983428275505,0.00633445945945946,0.1311385198050905,,
clinical,Machine learning / NLP,1931,17,2368,17,807,831,0.008803728638011392,0.0071790540540540545,0.5497187043053189,,
clinical,Bayesian,1931,4,2368,7,807,831,0.0020714655618850335,0.0029560810810810812,0.5679457887585921,,
clinical,Survival / time-to-event,1931,6,2368,5,807,831,0.0031071983428275505,0.0021114864864864866,0.5203540868306569,,
clinical,Missing data / multiple imputation,1931,1,2368,2,807,831,0.0005178663904712584,0.0008445945945945946,0.6865694794913517,,
clinical,Dyadic / APIM,1931,44,2368,42,807,831,0.02278612118073537,0.017736486486486486,0.23951546297216364,,
clinical,"Time series / dynamic models (VAR, DSEM)",1931,6,2368,9,807,831,0.0031071983428275505,0.003800675675675676,0.701308318231211,,
clinical,"Text analysis (LIWC, sentiment, topic models)",1931,2,2368,3,807,831,0.0010357327809425167,0.001266891891891892,0.8249463935097652,,
clinical,Power analysis reported,1931,0,2368,0,807,831,0.0,0.0,1.0,,
social,Scale development / psychometric validation,1789,43,2777,53,614,838,0.024035774175517048,0.019085343896290963,0.25504129740915493,,
social,Factor analysis (EFA/CFA),1789,34,2777,43,614,838,0.019005030743432086,0.015484335613971912,0.36709793151730974,,
social,IRT / Rasch / DIF,1789,3,2777,4,614,838,0.0016769144773616546,0.0014404033129276198,0.841948517365906,,
social,"Reliability (alpha, omega, ICC)",1789,32,2777,98,614,838,0.017887087758524316,0.03528988116672668,0.000557402502230131,,
social,t test,1789,22,2777,27,614,838,0.012297372833985467,0.009722722362261434,0.40980043196040317,,
social,ANOVA / ANCOVA / MANOVA,1789,42,2777,33,614,838,0.023476802683063163,0.011883327331652862,0.0026240596984030695,,
social,Correlation,1789,138,2777,182,614,838,0.0771380659586361,0.0655383507382067,0.13392577320936194,,
social,Linear / multiple / hierarchical regression,1789,75,2777,98,614,838,0.041922861934041364,0.03528988116672668,0.2518153173711304,,
social,Logistic / ordinal / multinomial regression,1789,30,2777,41,614,838,0.016769144773616546,0.014764133957508103,0.5929649589782864,,
social,"Count models (Poisson, negative binomial)",1789,2,2777,5,614,838,0.0011179429849077697,0.0018005041411595247,0.5649769424867732,,
social,Chi-square / nonparametric,1789,24,2777,18,614,838,0.013415315818893237,0.006481814908174289,0.01658984358278004,,
social,Mediation,1789,126,2777,145,614,838,0.07043040804918949,0.052214620093626214,0.0109911793108588,,
social,Moderation / interactions,1789,97,2777,127,614,838,0.05422023476802683,0.045732805185451926,0.1949103808212298,,
social,SEM / path analysis,1789,47,2777,58,614,838,0.02627166014533259,0.020885848037450486,0.23592774557701213,,
social,Multilevel / mixed-effects models,1789,30,2777,36,614,838,0.016769144773616546,0.012963629816348578,0.292932322673531,,
social,Growth curve / trajectories,1789,7,2777,15,614,838,0.003912800447177194,0.005401512423478574,0.4782282193854883,,
social,Latent profile / class / mixture,1789,13,2777,15,614,838,0.0072666294019005035,0.005401512423478574,0.4306652264011026,,
social,Cluster analysis,1789,8,2777,8,614,838,0.004471771939631079,0.0028808066258552397,0.3744933252054914,,
social,Network analysis (psychometric networks),1789,12,2777,15,614,838,0.006707657909446618,0.005401512423478574,0.5741562849272557,,
social,Machine learning / NLP,1789,41,2777,92,614,838,0.022917831190609278,0.03312927619733525,0.04518093645640109,,
social,Bayesian,1789,10,2777,13,614,838,0.005589714924538848,0.004681310767014764,0.6721072365544236,,
social,Survival / time-to-event,1789,5,2777,0,614,838,0.002794857462269424,0.0,0.005312612146128437,,
social,Missing data / multiple imputation,1789,1,2777,1,614,838,0.0005589714924538849,0.00036010082823190496,0.7538972963982442,,
social,Dyadic / APIM,1789,35,2777,57,614,838,0.01956400223588597,0.02052574720921858,0.8213751143427277,,
social,"Time series / dynamic models (VAR, DSEM)",1789,6,2777,10,614,838,0.003353828954723309,0.0036010082823190494,0.8902583884596469,,
social,"Text analysis (LIWC, sentiment, topic models)",1789,4,2777,15,614,838,0.0022358859698155395,0.005401512423478574,0.10477887706661182,,
social,Power analysis reported,1789,0,2777,0,614,838,0.0,0.0,1.0,,
developmental_educational,Scale development / psychometric validation,1303,15,2296,21,343,620,0.011511895625479662,0.009146341463414634,0.4931127427792066,,
developmental_educational,Factor analysis (EFA/CFA),1303,9,2296,19,343,620,0.006907137375287797,0.008275261324041812,0.6534657858435198,,
developmental_educational,IRT / Rasch / DIF,1303,2,2296,9,343,620,0.0015349194167306216,0.0039198606271777,0.21288432236543597,,
developmental_educational,"Reliability (alpha, omega, ICC)",1303,38,2296,114,343,620,0.02916346891788181,0.04965156794425087,0.0033137262866880235,,
developmental_educational,t test,1303,37,2296,83,343,620,0.0283960092095165,0.03614982578397213,0.21305018560047073,,
developmental_educational,ANOVA / ANCOVA / MANOVA,1303,22,2296,30,343,620,0.01688411358403684,0.013066202090592335,0.35629408972522203,,
developmental_educational,Correlation,1303,85,2296,121,343,620,0.06523407521105141,0.052700348432055746,0.11979827690223166,,
developmental_educational,Linear / multiple / hierarchical regression,1303,32,2296,62,343,620,0.024558710667689946,0.02700348432055749,0.6585204882559925,,
developmental_educational,Logistic / ordinal / multinomial regression,1303,8,2296,13,343,620,0.0061396776669224865,0.005662020905923345,0.856512549918685,,
developmental_educational,"Count models (Poisson, negative binomial)",1303,0,2296,1,343,620,0.0,0.00043554006968641115,0.4511877039343706,,
developmental_educational,Chi-square / nonparametric,1303,21,2296,53,343,620,0.016116653875671526,0.023083623693379792,0.15693368691148257,,
developmental_educational,Mediation,1303,30,2296,54,343,620,0.023023791250959325,0.023519163763066203,0.9246347068587939,,
developmental_educational,Moderation / interactions,1303,18,2296,46,343,620,0.013814274750575594,0.02003484320557491,0.17476671256730114,,
developmental_educational,SEM / path analysis,1303,15,2296,42,343,620,0.011511895625479662,0.018292682926829267,0.1173691051174508,,
developmental_educational,Multilevel / mixed-effects models,1303,16,2296,23,343,620,0.012279355333844973,0.010017421602787456,0.528759975647584,,
developmental_educational,Growth curve / trajectories,1303,9,2296,11,343,620,0.006907137375287797,0.004790940766550522,0.4117904620524824,,
developmental_educational,Latent profile / class / mixture,1303,3,2296,13,343,620,0.0023023791250959325,0.005662020905923345,0.1453951439884964,,
developmental_educational,Cluster analysis,1303,5,2296,6,343,620,0.003837298541826554,0.002613240418118467,0.5226049537664632,,
developmental_educational,Network analysis (psychometric networks),1303,5,2296,7,343,620,0.003837298541826554,0.003048780487804878,0.6933075322555768,,
developmental_educational,Machine learning / NLP,1303,15,2296,27,343,620,0.011511895625479662,0.011759581881533102,0.9469842973975136,,
developmental_educational,Bayesian,1303,0,2296,5,343,620,0.0,0.0021777003484320556,0.09185893139446444,,
developmental_educational,Survival / time-to-event,1303,0,2296,1,343,620,0.0,0.00043554006968641115,0.4511877039343706,,
developmental_educational,Missing data / multiple imputation,1303,1,2296,1,343,620,0.0007674597083653108,0.00043554006968641115,0.6846939845729789,,
developmental_educational,Dyadic / APIM,1303,20,2296,22,343,620,0.015349194167306216,0.009581881533101045,0.12154933313919791,,
developmental_educational,"Time series / dynamic models (VAR, DSEM)",1303,3,2296,5,343,620,0.0023023791250959325,0.0021777003484320556,0.9391574472176825,,
developmental_educational,"Text analysis (LIWC, sentiment, topic models)",1303,1,2296,4,343,620,0.0007674597083653108,0.0017421602787456446,0.45056259059815673,,
developmental_educational,Power analysis reported,1303,1,2296,0,343,620,0.0007674597083653108,0.0,0.18430337938396812,,
experimental_cognitive,Scale development / psychometric validation,960,10,1558,28,311,605,0.010416666666666666,0.01797175866495507,0.13096147949640424,,
experimental_cognitive,Factor analysis (EFA/CFA),960,11,1558,22,311,605,0.011458333333333333,0.014120667522464698,0.568308372653854,,
experimental_cognitive,IRT / Rasch / DIF,960,0,1558,6,311,605,0.0,0.0038510911424903724,0.054221136946048576,,
experimental_cognitive,"Reliability (alpha, omega, ICC)",960,23,1558,51,311,605,0.023958333333333335,0.03273427471116817,0.20536619926120858,,
experimental_cognitive,t test,960,8,1558,13,311,605,0.008333333333333333,0.00834403080872914,0.9977125634808339,,
experimental_cognitive,ANOVA / ANCOVA / MANOVA,960,17,1558,24,311,605,0.017708333333333333,0.01540436456996149,0.6572746893954275,,
experimental_cognitive,Correlation,960,97,1558,134,311,605,0.10104166666666667,0.08600770218228498,0.20431598310734955,,
experimental_cognitive,Linear / multiple / hierarchical regression,960,37,1558,56,311,605,0.03854166666666667,0.03594351732991014,0.7370605935524475,,
experimental_cognitive,Logistic / ordinal / multinomial regression,960,9,1558,18,311,605,0.009375,0.011553273427471117,0.6062350269216212,,
experimental_cognitive,"Count models (Poisson, negative binomial)",960,2,1558,2,311,605,0.0020833333333333333,0.0012836970474967907,0.624587966672489,,
experimental_cognitive,Chi-square / nonparametric,960,5,1558,16,311,605,0.005208333333333333,0.010269576379974325,0.17497421806412428,,
experimental_cognitive,Mediation,960,42,1558,79,311,605,0.04375,0.050706033376123234,0.42798102747853983,,
experimental_cognitive,Moderation / interactions,960,37,1558,69,311,605,0.03854166666666667,0.044287548138639284,0.4855722515339447,,
experimental_cognitive,SEM / path analysis,960,19,1558,36,311,605,0.019791666666666666,0.023106546854942234,0.580458370763798,,
experimental_cognitive,Multilevel / mixed-effects models,960,23,1558,43,311,605,0.023958333333333335,0.027599486521181,0.5785790427073658,,
experimental_cognitive,Growth curve / trajectories,960,6,1558,12,311,605,0.00625,0.007702182284980745,0.6744057588699501,,
experimental_cognitive,Latent profile / class / mixture,960,3,1558,11,311,605,0.003125,0.007060333761232349,0.19709409115098264,,
experimental_cognitive,Cluster analysis,960,2,1558,9,311,605,0.0020833333333333333,0.005776636713735558,0.17229648931917496,,
experimental_cognitive,Network analysis (psychometric networks),960,10,1558,35,311,605,0.010416666666666666,0.022464698331193838,0.026665219795782402,,
experimental_cognitive,Machine learning / NLP,960,48,1558,121,311,605,0.05,0.07766367137355584,0.007050223527168775,,
experimental_cognitive,Bayesian,960,11,1558,15,311,605,0.011458333333333333,0.009627727856225931,0.6589610022837926,,
experimental_cognitive,Survival / time-to-event,960,0,1558,6,311,605,0.0,0.0038510911424903724,0.054221136946048576,,
experimental_cognitive,Missing data / multiple imputation,960,1,1558,3,311,605,0.0010416666666666667,0.0019255455712451862,0.5885676158393214,,
experimental_cognitive,Dyadic / APIM,960,7,1558,17,311,605,0.007291666666666667,0.010911424903722721,0.36389249637288823,,
experimental_cognitive,"Time series / dynamic models (VAR, DSEM)",960,3,1558,12,311,605,0.003125,0.007702182284980745,0.147150371132176,,
experimental_cognitive,"Text analysis (LIWC, sentiment, topic models)",960,1,1558,15,311,605,0.0010416666666666667,0.009627727856225931,0.008450346987067814,,
experimental_cognitive,Power analysis reported,960,0,1558,1,311,605,0.0,0.0006418485237483953,0.432380984268109,,
applied,Scale development / psychometric validation,189,0,336,2,75,145,0.0,0.005952380952380952,0.2879242504714181,,
applied,Factor analysis (EFA/CFA),189,2,336,4,75,145,0.010582010582010581,0.011904761904761904,0.8911358375994791,,
applied,IRT / Rasch / DIF,189,1,336,1,75,145,0.005291005291005291,0.002976190476190476,0.6794110913299676,,
applied,"Reliability (alpha, omega, ICC)",189,5,336,13,75,145,0.026455026455026454,0.03869047619047619,0.4595809909464723,,
applied,t test,189,5,336,5,75,145,0.026455026455026454,0.01488095238095238,0.3517280854575424,,
applied,ANOVA / ANCOVA / MANOVA,189,5,336,4,75,145,0.026455026455026454,0.011904761904761904,0.2176373078451539,,
applied,Correlation,189,19,336,26,75,145,0.10052910052910052,0.07738095238095238,0.3631228676900744,,
applied,Linear / multiple / hierarchical regression,189,11,336,22,75,145,0.0582010582010582,0.06547619047619048,0.7416480982497036,,
applied,Logistic / ordinal / multinomial regression,189,3,336,4,75,145,0.015873015873015872,0.011904761904761904,0.7035670848704141,,
applied,"Count models (Poisson, negative binomial)",189,0,336,1,75,145,0.0,0.002976190476190476,0.4528240084559809,,
applied,Chi-square / nonparametric,189,3,336,6,75,145,0.015873015873015872,0.017857142857142856,0.8664936965239391,,
applied,Mediation,189,12,336,18,75,145,0.06349206349206349,0.05357142857142857,0.6383097251540475,,
applied,Moderation / interactions,189,9,336,26,75,145,0.047619047619047616,0.07738095238095238,0.18944367317382116,,
applied,SEM / path analysis,189,3,336,16,75,145,0.015873015873015872,0.047619047619047616,0.06155800443031234,,
applied,Multilevel / mixed-effects models,189,4,336,9,75,145,0.021164021164021163,0.026785714285714284,0.6907263684606515,,
applied,Growth curve / trajectories,189,0,336,2,75,145,0.0,0.005952380952380952,0.2879242504714181,,
applied,Latent profile / class / mixture,189,1,336,4,75,145,0.005291005291005291,0.011904761904761904,0.45389887787044514,,
applied,Cluster analysis,189,1,336,1,75,145,0.005291005291005291,0.002976190476190476,0.6794110913299676,,
applied,Network analysis (psychometric networks),189,1,336,0,75,145,0.005291005291005291,0.0,0.18200566347804648,,
applied,Machine learning / NLP,189,2,336,20,75,145,0.010582010582010581,0.05952380952380952,0.007223444267018042,,
applied,Bayesian,189,1,336,3,75,145,0.005291005291005291,0.008928571428571428,0.6454520478026646,,
applied,Survival / time-to-event,189,1,336,0,75,145,0.005291005291005291,0.0,0.18200566347804648,,
applied,Missing data / multiple imputation,189,0,336,1,75,145,0.0,0.002976190476190476,0.4528240084559809,,
applied,Dyadic / APIM,189,1,336,4,75,145,0.005291005291005291,0.011904761904761904,0.45389887787044514,,
applied,"Time series / dynamic models (VAR, DSEM)",189,1,336,2,75,145,0.005291005291005291,0.005952380952380952,0.9231225546904478,,
applied,"Text analysis (LIWC, sentiment, topic models)",189,2,336,2,75,145,0.010582010582010581,0.005952380952380952,0.558165632515498,,
applied,Power analysis reported,189,0,336,0,75,145,0.0,0.0,1.0,,
all,Scale development / psychometric validation,6172,128,9335,193,2150,3039,0.020738820479585224,0.020674879485806107,0.978161389307737,,
all,Factor analysis (EFA/CFA),6172,92,9335,130,2150,3039,0.014906027219701879,0.013926084627745045,0.6150803332169104,,
all,IRT / Rasch / DIF,6172,12,9335,26,2150,3039,0.0019442644199611147,0.002785216925549009,0.29984290178931206,,
all,"Reliability (alpha, omega, ICC)",6172,144,9335,353,2150,3039,0.023331173039533377,0.03781467595072308,5.377672476214457e-07,,
all,t test,6172,110,9335,166,2150,3039,0.01782242384964355,0.017782538832351365,0.9853296445304642,,
all,ANOVA / ANCOVA / MANOVA,6172,131,9335,134,2150,3039,0.0212248865845755,0.01435457953936797,0.0012326393657113854,,
all,Correlation,6172,529,9335,652,2150,3039,0.08570965651328581,0.0698446705945367,0.00026661832036656286,,
all,Linear / multiple / hierarchical regression,6172,297,9335,368,2150,3039,0.04812054439403759,0.03942153186930905,0.008863869431597227,,
all,Logistic / ordinal / multinomial regression,6172,120,9335,127,2150,3039,0.019442644199611146,0.013604713444027852,0.004479181139394495,,
all,"Count models (Poisson, negative binomial)",6172,12,9335,18,2150,3039,0.0019442644199611147,0.00192822710230316,0.9822513238038229,,
all,Chi-square / nonparametric,6172,89,9335,124,2150,3039,0.014419961114711602,0.013283342260310659,0.5516771783013645,,
all,Mediation,6172,378,9335,463,2150,3039,0.06124432922877511,0.04959828602035351,0.0017218834417911388,,
all,Moderation / interactions,6172,301,9335,424,2150,3039,0.04876863253402463,0.045420460632029994,0.33367795452780324,,
all,SEM / path analysis,6172,138,9335,206,2150,3039,0.02235904082955282,0.02206748794858061,0.9039567686731687,,
all,Multilevel / mixed-effects models,6172,113,9335,163,2150,3039,0.01830848995463383,0.017461167648634174,0.6960718716930172,,
all,Growth curve / trajectories,6172,42,9335,73,2150,3039,0.006804925469863901,0.007820032137118372,0.47079308340389714,,
all,Latent profile / class / mixture,6172,29,9335,70,2150,3039,0.004698639014906027,0.007498660953401178,0.032120015286188686,,
all,Cluster analysis,6172,19,9335,37,2150,3039,0.0030784186649384314,0.003963577932512051,0.36840629245442846,,
all,Network analysis (psychometric networks),6172,34,9335,72,2150,3039,0.005508749189889825,0.00771290840921264,0.10297304858486833,,
all,Machine learning / NLP,6172,123,9335,277,2150,3039,0.019928710304601426,0.02967327262988752,0.00017900179205998512,,
all,Bayesian,6172,26,9335,43,2150,3039,0.004212572909915748,0.004606320299946438,0.7183948171341217,,
all,Survival / time-to-event,6172,12,9335,12,2150,3039,0.0019442644199611147,0.0012854847348687734,0.3070146432011247,,
all,Missing data / multiple imputation,6172,4,9335,8,2150,3039,0.0006480881399870382,0.0008569898232458489,0.6470099725924909,,
all,Dyadic / APIM,6172,107,9335,142,2150,3039,0.017336357744653273,0.015211569362613819,0.30282743060963613,,
all,"Time series / dynamic models (VAR, DSEM)",6172,19,9335,38,2150,3039,0.0030784186649384314,0.0040707016604177824,0.317569148933156,,
all,"Text analysis (LIWC, sentiment, topic models)",6172,10,9335,39,2150,3039,0.0016202203499675956,0.0041778253883235136,0.005473709773064606,,
all,Power analysis reported,6172,1,9335,1,2150,3039,0.00016202203499675956,0.00010712372790573112,0.7682427898421864,,
