field,element,abstracts,x,share,quant_abstracts,x_quant,share_quant
Psychology,"Purpose, question, or hypothesis",21308,8332,0.3910268443776985,6063,2835,0.4675903018307768
Psychology,Research design,21308,10282,0.4825417683499155,6063,3336,0.5502226620484908
Psychology,Sample size,21308,5273,0.24746574056692322,6063,2600,0.42883061190829624
Psychology,Effect size,21308,726,0.03407171015581002,6063,495,0.08164275111331024
Psychology,Confidence interval,21308,199,0.00933921531819035,6063,154,0.025399967013029854
Psychology,Statistical significance,21308,2759,0.12948188473812652,6063,1752,0.28896585848589806
Psychology,Implications or recommendations,21308,5247,0.246245541580627,6063,1889,0.3115619330364506
Psychology,Sample size and effect size,21308,397,0.01863149990613854,6063,315,0.05195447798119743
Education,"Purpose, question, or hypothesis",18617,5102,0.2740505989149702,3044,918,0.3015768725361367
Education,Research design,18617,7794,0.4186496213138529,3044,1408,0.46254927726675427
Education,Sample size,18617,2375,0.12757157436751357,3044,745,0.2447437582128778
Education,Effect size,18617,331,0.017779448890798733,3044,174,0.05716162943495401
Education,Confidence interval,18617,10,0.0005371434710211097,3044,8,0.002628120893561104
Education,Statistical significance,18617,883,0.04742976849116399,3044,522,0.17148488830486203
Education,Implications or recommendations,18617,3335,0.1791373475855401,3044,599,0.19678055190538765
Education,Sample size and effect size,18617,72,0.00386743299135199,3044,58,0.019053876478318004
Business,"Purpose, question, or hypothesis",22179,8694,0.3919924252671446,5543,2752,0.4964820494317157
Business,Research design,22179,9266,0.4177825871319717,5543,2552,0.46040050514162006
Business,Sample size,22179,2891,0.1303485278867397,5543,1328,0.23958145408623488
Business,Effect size,22179,208,0.00937824067811894,5543,160,0.028865235432076492
Business,Confidence interval,22179,22,0.0009919293024933495,5543,13,0.002345300378856215
Business,Statistical significance,22179,1981,0.08931872491996934,5543,1238,0.22334475915569185
Business,Implications or recommendations,22179,5311,0.23946075116100815,5543,1617,0.29171928558542304
Business,Sample size and effect size,22179,106,0.00477929573019523,5543,95,0.01713873353779542
Social sciences & health,"Purpose, question, or hypothesis",50799,17754,0.34949506880056697,8443,3917,0.46393462039559397
Social sciences & health,Research design,50799,20895,0.41132699462587846,8443,4441,0.525997868056378
Social sciences & health,Sample size,50799,6357,0.12514025866650919,8443,2332,0.2762051403529551
Social sciences & health,Effect size,50799,610,0.012008110395873935,8443,448,0.05306170792372379
Social sciences & health,Confidence interval,50799,401,0.007893856178271225,8443,290,0.03434798057562478
Social sciences & health,Statistical significance,50799,3470,0.06830843126833205,8443,1964,0.23261873741561057
Social sciences & health,Implications or recommendations,50799,9851,0.1939211401799248,8443,2405,0.2848513561530262
Social sciences & health,Sample size and effect size,50799,342,0.0067324159924407965,8443,289,0.034229539263295035
