subfield,label,abstracts,quant_n,quant_share,early_n,early_quant_n,late_n,late_quant_n,us_share,country_known,"Qualitative (thematic, IPA, grounded theory, interviews)",Mixed methods,Experiment / randomized design,Systematic review / meta-analysis,Survey / questionnaire study,Case study,Action research / improvement science,Quasi-experimental / program evaluation,Content analysis
sociology,Sociology,22999,3969,0.17257272055306752,6927,1143,9271,1848,0.06478542545328057,0.17779033871037872,0.22092264881081786,0.037045088916909434,0.018305143701900083,0.010261315709378669,0.12657072046610723,0.09430844819339972,0.007130744814991956,0.007652506630723075,0.02147919474759772
polisci,Political science & international relations,9301,1067,0.1147188474357596,2808,294,3929,513,0.04859692506182131,0.15202666379959145,0.17137942156757338,0.02376088592624449,0.01118159337705623,0.0021503064186646596,0.0628964627459413,0.11654660789162456,0.0013976991721320288,0.008386195032792173,0.027523922158907643
economics,Economics,7087,2630,0.371102017779032,2200,711,2831,1222,0.05587695781007478,0.17990687173698322,0.08226329899816566,0.021447721179624665,0.013545929166078736,0.009595033159305771,0.10371102017779033,0.06349654296599408,0.0012699308593198814,0.03654578806264992,0.006067447438972767
public_health,Public health,3778,1155,0.30571731074642666,1255,390,1515,480,0.08337744838538909,0.24775013234515617,0.18554790894653256,0.052143991529910005,0.05399682371625199,0.06723133933298041,0.18925357331921652,0.033615669666490204,0.006617257808364214,0.011646373742721016,0.014028586553732134
nursing_health,Nursing & health professions,5636,1581,0.2805180979418027,1935,566,2157,640,0.08889283179559972,0.2414833215046132,0.2821149751596877,0.0688431511710433,0.03761533002129169,0.04950319375443577,0.2237402413058907,0.05961674946770759,0.0120652945351313,0.021469127040454224,0.02430801987224982
communication,Communication,1998,376,0.1881881881881882,577,107,933,173,0.08358358358358359,0.19019019019019018,0.36986986986986986,0.059559559559559556,0.024524524524524523,0.006006006006006006,0.15715715715715717,0.12062062062062062,0.005005005005005005,0.003003003003003003,0.07207207207207207
all,Social sciences & health overall,50799,10778,0.2121695308962775,15702,3211,20636,4876,0.06537530266343826,0.18612571113604598,0.20252367172582136,0.03797318844859151,0.0213783735900313,0.017106635957400737,0.12836866867458022,0.08675367625346955,0.005689088367881258,0.013464831984881593,0.022185476092049055
us,US-tagged,3321,898,0.2704004817825956,1463,402,922,266,1.0,1.0,0.1860885275519422,0.03643480879253237,0.025293586269196026,0.011141222523336344,0.17524841915085818,0.08702198133092443,0.012044564890093345,0.02649804275820536,0.024390243902439025
other,Other or unknown country,47478,9880,0.20809638148194953,14239,2809,19714,4610,0.0,0.12919668056784195,0.2036732802561186,0.038080795315725176,0.02110451156325035,0.017523905809006278,0.1250895151438561,0.0867349087998652,0.00524453431062808,0.012553182526643919,0.02203125658199587
